pond_id,treatment,period,doy,GPP,R,NEP,dosat_dailyavg
A,pulsed,BASE,142,NA,NA,NA,138.91143658333334
B,pulsed,BASE,142,NA,NA,NA,143.02247589583334
C,pulsed,BASE,142,NA,NA,NA,138.08416139583332
D,reference,BASE,142,NA,NA,NA,127.70804502083334
E,reference,BASE,142,NA,NA,NA,134.86960977083334
F,reference,BASE,142,NA,NA,NA,129.65845997916668
A,pulsed,BASE,143,NA,NA,NA,159.01027570833332
B,pulsed,BASE,143,NA,NA,NA,142.54797716666667
C,pulsed,BASE,143,NA,NA,NA,141.48509866666666
D,reference,BASE,143,NA,NA,NA,125.03195422916667
E,reference,BASE,143,NA,NA,NA,136.86573747916665
F,reference,BASE,143,NA,NA,NA,134.06034181249998
A,pulsed,BASE,144,NA,NA,NA,167.29368577083332
B,pulsed,BASE,144,NA,NA,NA,145.11865114583333
C,pulsed,BASE,144,NA,NA,NA,141.00881079166666
D,reference,BASE,144,NA,NA,NA,135.0219479375
E,reference,BASE,144,NA,NA,NA,142.52904966666665
F,reference,BASE,144,NA,NA,NA,138.433265625
A,pulsed,BASE,145,NA,NA,NA,164.182776625
B,pulsed,BASE,145,NA,NA,NA,154.18872822916666
C,pulsed,BASE,145,NA,NA,NA,147.33382747916667
D,reference,BASE,145,3.370496723,-1.307029149,2.063467574,135.42223572916666
E,reference,BASE,145,6.012357082,-1.250815197,4.761541885,144.94192
F,reference,BASE,145,NA,NA,NA,138.9559595
A,pulsed,BASE,146,20.4229749,-9.993124735,10.42985016,161.70490875
B,pulsed,BASE,146,9.685060698,-8.933038281,0.752022417,114.59500664583334
C,pulsed,BASE,146,9.332177406,-5.037510721,4.294666685,141.36747875
D,reference,BASE,146,3.941971289,-4.247541694,-0.305570404,133.81899035416666
E,reference,BASE,146,7.240611575,-4.481285502,2.759326074,151.28421954166666
F,reference,BASE,146,1.413958028,-0.891175045,0.522782983,136.6201653125
A,pulsed,BASE,147,8.828259677,-7.025053543,1.803206135,160.33004135416667
B,pulsed,BASE,147,NA,NA,NA,122.14941483333334
C,pulsed,BASE,147,9.052896664,-2.727855378,6.325041286,137.99694535416666
D,reference,BASE,147,4.036313598,-2.16196336,1.874350238,120.88293014583333
E,reference,BASE,147,5.977911689,-2.163943635,3.813968055,143.81246764583332
F,reference,BASE,147,3.693316227,-0.041349887,3.65196634,129.67146941666667
A,pulsed,BASE,148,10.30926107,-6.293505904,4.015755167,161.8385618125
B,pulsed,BASE,148,3.096166131,-3.250593103,-0.154426971,125.93451095833333
C,pulsed,BASE,148,9.56866483,-1.428261213,8.140403617,146.27562766666668
D,reference,BASE,148,2.851868671,-2.011512981,0.84035569,123.058561
E,reference,BASE,148,4.050194093,-1.487434798,2.562759295,147.16881125
F,reference,BASE,148,2.948912356,-1.616308675,1.332603681,134.65009058333334
A,pulsed,BASE,149,7.257719065,-7.113463909,0.144255156,146.03617714583334
B,pulsed,BASE,149,NA,NA,NA,112.72753472916666
C,pulsed,BASE,149,3.91477344,-2.554254033,1.360519407,149.55898814583333
D,reference,BASE,149,3.664843429,-2.449227135,1.215616293,121.52064866666667
E,reference,BASE,149,5.308249156,-4.738646656,0.5696025,138.80527064583333
F,reference,BASE,149,5.257187112,-2.508229035,2.748958077,135.45603122916665
A,pulsed,BASE,150,NA,NA,NA,147.31821238297871
B,pulsed,BASE,150,NA,NA,NA,134.97327974468084
C,pulsed,BASE,150,NA,NA,NA,160.67246164583332
D,reference,BASE,150,NA,NA,NA,140.6749635625
E,reference,BASE,150,NA,NA,NA,123.83527872340426
F,reference,BASE,150,NA,NA,NA,165.0793675106383
A,pulsed,BASE,151,0.991497349,-5.282115186,-4.290617837,103.438843125
B,pulsed,BASE,151,NA,NA,NA,114.025317
C,pulsed,BASE,151,NA,NA,NA,173.50452854166667
D,reference,BASE,151,3.446563384,-0.98591114,2.460652245,155.98195775
E,reference,BASE,151,3.757184409,-1.129094809,2.6280896,147.52371077083333
F,reference,BASE,151,4.544489169,-1.084166278,3.460322891,185.908025875
A,pulsed,BASE,152,NA,NA,NA,151.05584170833333
B,pulsed,BASE,152,8.374708837,-6.405252294,1.969456543,130.28589075
C,pulsed,BASE,152,NA,NA,NA,181.40757795833332
D,reference,BASE,152,0.808678771,-1.263906575,-0.455227804,154.76316816666667
E,reference,BASE,152,6.255047365,-4.487310863,1.767736503,154.77691185416666
F,reference,BASE,152,3.332574291,-0.373845994,2.958728297,185.55390054166668
A,pulsed,BASE,153,1.882355225,-1.707259132,0.175096093,154.40517816666667
B,pulsed,BASE,153,5.4585645,-5.714562547,-0.255998048,135.63639910416666
C,pulsed,BASE,153,2.182709724,-2.462434599,-0.279724875,170.149246625
D,reference,BASE,153,11.73389992,-2.13020665,9.603693266,163.359870375
E,reference,BASE,153,9.863788974,-0.933752254,8.93003672,162.84316654166668
F,reference,BASE,153,15.33440833,-1.754657661,13.57975067,187.04874227083334
A,pulsed,BASE,154,NA,NA,NA,142.69654395833334
B,pulsed,BASE,154,3.23694313,-2.784504457,0.452438673,133.255403375
C,pulsed,BASE,154,NA,NA,NA,166.269505625
D,reference,BASE,154,NA,NA,NA,173.06726852083332
E,reference,BASE,154,NA,NA,NA,170.60796622916666
F,reference,BASE,154,NA,NA,NA,197.36018916666666
A,pulsed,BASE,155,3.787158303,-4.858912476,-1.071754173,138.63891277083334
B,pulsed,BASE,155,12.67232745,-18.23035087,-5.558023429,108.8785216875
C,pulsed,BASE,155,5.321259569,-2.069620905,3.251638664,168.84232477083333
D,reference,BASE,155,5.491363027,-6.295587381,-0.804224354,175.64526404166668
E,reference,BASE,155,4.758985239,-2.886753138,1.872232101,167.96380052083333
F,reference,BASE,155,10.21980351,-6.684494148,3.535309364,203.51243235416666
A,pulsed,BASE,156,1.340571122,-1.66753719,-0.326966068,126.67628254166667
B,pulsed,BASE,156,4.8591087569999996,-5.93659053,-1.077481773,107.65791254166666
C,pulsed,BASE,156,4.516133681,-1.871380153,2.644753528,168.9100178125
D,reference,BASE,156,NA,NA,NA,178.55415679166666
E,reference,BASE,156,5.885680348,-1.931623947,3.954056401,168.62732229166667
F,reference,BASE,156,NA,NA,NA,182.66539691666668
A,pulsed,BASE,157,3.917159324,-5.05116191,-1.134002585,116.08322510416667
B,pulsed,BASE,157,NA,NA,NA,107.11556329166666
C,pulsed,BASE,157,3.496667009,-1.17395562,2.322711389,171.65510572916668
D,reference,BASE,157,NA,NA,NA,169.13390979166667
E,reference,BASE,157,6.918441955,-2.935500674,3.982941281,163.00314102083334
F,reference,BASE,157,5.615025389,-3.030407597,2.584617792,179.6115743125
A,pulsed,BASE,158,2.518378018,-1.89733466,0.621043359,114.450429375
B,pulsed,BASE,158,5.271826167,-4.196407514,1.075418653,104.31046704166667
C,pulsed,BASE,158,3.560921376,-1.560600439,2.000320937,170.3838818125
D,reference,BASE,158,NA,NA,NA,167.88337633333333
E,reference,BASE,158,8.190557533,-3.733617387,4.456940146,160.10469920833333
F,reference,BASE,158,NA,NA,NA,174.17285633333333
A,pulsed,BASE,159,NA,NA,NA,114.9343171875
B,pulsed,BASE,159,5.065050441,-5.940113463,-0.875063021,109.65982320833334
C,pulsed,BASE,159,4.003082188,-2.864112544,1.138969644,166.6865224375
D,reference,BASE,159,7.046582984,-5.236803833,1.809779151,179.25831645833333
E,reference,BASE,159,7.940586372,-3.419931291,4.520655081,170.01922981250001
F,reference,BASE,159,6.547350215,-4.563223579,1.984126636,167.323811875
A,pulsed,BASE,160,7.685569501,-8.490220483,-0.804650982,107.85296179166667
B,pulsed,BASE,160,5.417377409,-4.90653584,0.51084157,110.67802216666666
C,pulsed,BASE,160,3.135089948,-1.137159148,1.9979308,164.156455625
D,reference,BASE,160,5.208202329,-2.3269102,2.881292128,179.96099527083334
E,reference,BASE,160,16.22387859,-14.29781615,1.926062438,163.83692979166668
F,reference,BASE,160,6.984553405,-4.949769024,2.034784381,165.28195072916668
A,pulsed,BASE,161,1.415170607,-4.447872081,-3.032701475,82.40673045833333
B,pulsed,BASE,161,7.615602243,-11.00472762,-3.389125379,96.048175
C,pulsed,BASE,161,4.396212982,-5.398123498,-1.001910516,145.26683872916666
D,reference,BASE,161,8.12542412,-11.00733747,-2.881913346,154.014923125
E,reference,BASE,161,4.747515503,-9.25722969,-4.509714187,131.6153681875
F,reference,BASE,161,2.105951989,-3.994650563,-1.888698574,141.80799935416667
A,pulsed,BASE,162,5.180048451,-8.37101262,-3.190964169,66.13941102083334
B,pulsed,BASE,162,6.147579084,-7.198804534,-1.05122545,80.826826125
C,pulsed,BASE,162,7.709354696,-5.334286983,2.375067713,118.4755378125
D,reference,BASE,162,10.15544222,-7.75377487,2.401667351,116.45385595833334
E,reference,BASE,162,7.651570965,-5.194231148,2.457339817,106.33889360416667
F,reference,BASE,162,6.162340356,-6.828905142,-0.666564786,110.88597489583333
A,pulsed,BASE,163,0.495915373,-5.756023199,-5.260107826,55.311284729166665
B,pulsed,BASE,163,3.969975672,-3.041893305,0.928082367,74.4657333125
C,pulsed,BASE,163,9.23491143,-5.295958947,3.938952483,127.61682514583333
D,reference,BASE,163,NA,NA,NA,105.6164805
E,reference,BASE,163,NA,NA,NA,125.48524229166667
F,reference,BASE,163,8.719428592,-7.038493794,1.680934798,112.74032829166667
A,pulsed,BASE,164,NA,NA,NA,58.52701833333333
B,pulsed,BASE,164,NA,NA,NA,80.32461039583333
C,pulsed,BASE,164,NA,NA,NA,150.28240525531916
D,reference,BASE,164,NA,NA,NA,146.3697514680851
E,reference,BASE,164,9.160928034,-6.197113581,2.963814453,155.4820149375
F,reference,BASE,164,6.868066851,-5.158973866,1.709092985,121.39486425
A,pulsed,BASE,165,NA,NA,NA,86.94087275
B,pulsed,BASE,165,NA,NA,NA,113.58179979166667
C,pulsed,BASE,165,NA,NA,NA,167.54248239583333
D,reference,BASE,165,NA,NA,NA,178.69962125
E,reference,BASE,165,11.18779405,-3.884921832,7.30287222,181.94411745833332
F,reference,BASE,165,4.754586457,-2.614036726,2.140549731,127.86835360416667
A,pulsed,BASE,166,4.981026879,-8.256024457,-3.274997577,82.42530404166666
B,pulsed,BASE,166,3.553279937,-4.111087106,-0.557807169,121.86585360416666
C,pulsed,BASE,166,5.019897379,-3.132015379,1.887882,168.86106654166667
D,reference,BASE,166,14.96670317,-17.50883477,-2.542131605,158.21331849999999
E,reference,BASE,166,15.87670058,-10.74499183,5.131708751,187.5772251875
F,reference,BASE,166,6.478393472,-3.62029479,2.858098682,132.82182385416667
A,pulsed,BASE,167,3.627793191,-7.703358016,-4.075564824,80.53001825
B,pulsed,BASE,167,5.499048615,-7.277001594,-1.777952979,112.65800695833333
C,pulsed,BASE,167,5.809522344,-2.855276461,2.954245884,169.31950833333335
D,reference,BASE,167,9.0017486,-10.89185352,-1.890104925,153.00609820833333
E,reference,BASE,167,16.65463642,-11.44052759,5.21410883,191.532742625
F,reference,BASE,167,6.13512988,-6.445283693,-0.310153813,124.35569729166667
A,pulsed,BASE,168,0.588408347,-1.937510103,-1.349101756,80.59818272916667
B,pulsed,BASE,168,5.006029228,-5.248989728,-0.2429605,115.04689510416667
C,pulsed,BASE,168,5.61131488,-3.479801209,2.131513671,171.8127015
D,reference,BASE,168,5.311423482,-3.297032166,2.014391316,174.99319889583333
E,reference,BASE,168,11.88541605,-10.31864612,1.566769929,200.68979702083334
F,reference,BASE,168,5.12065744,-5.210886646,-0.090229206,130.05821297916665
A,pulsed,BASE,169,0.12505549,-1.420868047,-1.295812558,72.99520239583333
B,pulsed,BASE,169,6.178012827,-7.130556042,-0.952543215,110.1651888125
C,pulsed,BASE,169,4.651889414,-2.270584737,2.381304676,177.47441720833334
D,reference,BASE,169,8.649035718,-8.27625871,0.372777007,170.05488654166666
E,reference,BASE,169,12.75148911,-9.360357983,3.391131132,198.5076780625
F,reference,BASE,169,9.532428619,-9.152916343,0.379512276,116.41490391666666
A,pulsed,BASE,170,NA,NA,NA,82.35062514583333
B,pulsed,BASE,170,1.474561127,-2.613579456,-1.139018329,109.594456875
C,pulsed,BASE,170,3.672553811,-2.22640427,1.446149541,172.09946145833334
D,reference,BASE,170,12.34640988,-16.63448363,-4.288073759,157.6695474375
E,reference,BASE,170,11.73706908,-11.97486329,-0.237794209,190.300521875
F,reference,BASE,170,1.97204123,-1.02735594,0.94468529,129.24523479166666
A,pulsed,BASE,171,NA,NA,NA,65.74971579166666
B,pulsed,BASE,171,2.722319478,-4.226739858,-1.50442038,91.37827554166667
C,pulsed,BASE,171,2.706359892,-2.04600643,0.660353462,163.64296145833333
D,reference,BASE,171,NA,NA,NA,143.85670170833333
E,reference,BASE,171,8.647715725,-12.09721818,-3.449502455,159.875088
F,reference,BASE,171,5.9165659,-6.682022542,-0.765456642,108.68075722916667
A,pulsed,BASE,172,1.821333056,-7.89663267,-6.075299615,53.3604116875
B,pulsed,BASE,172,9.609066918,-7.823497474,1.785569443,91.75656260416666
C,pulsed,BASE,172,5.463520006,-4.860339644,0.603180361,144.88934879166666
D,reference,BASE,172,5.528137498,-9.916120431,-4.387982932,121.259655375
E,reference,BASE,172,12.54223996,-3.860487362,8.681752602,136.31561152083333
F,reference,BASE,172,8.036041983,-9.469748193,-1.43370621,109.64458552083333
A,pulsed,BASE,173,NA,NA,NA,53.834398791666665
B,pulsed,BASE,173,6.847609388,-9.975326836,-3.127717448,84.11202927083333
C,pulsed,BASE,173,3.382189704,-2.460624687,0.921565017,148.88791339583332
D,reference,BASE,173,NA,NA,NA,111.538236375
E,reference,BASE,173,16.20438457,-18.81591195,-2.611527375,150.35061725
F,reference,BASE,173,4.57652041,-5.295992086,-0.719471676,113.15067560416666
A,pulsed,BASE,174,NA,NA,NA,47.53074095833333
B,pulsed,BASE,174,8.977254804,-11.63877275,-2.661517942,79.27326435416667
C,pulsed,BASE,174,1.836430858,-4.03352936,-2.197098502,127.150800625
D,reference,BASE,174,5.377569925,-8.850657327,-3.473087402,102.56039775
E,reference,BASE,174,9.923354057,-15.6854301,-5.762076047,120.02904545833333
F,reference,BASE,174,1.408820593,-4.384592438,-2.975771845,100.17544285416666
A,pulsed,BASE,175,6.662820207,-9.740213309,-3.077393102,34.33379145833333
B,pulsed,BASE,175,5.128907957,-6.96821797,-1.839310014,57.373803708333334
C,pulsed,BASE,175,4.394382931,-4.321207749,0.073175182,112.82382995833333
D,reference,BASE,175,15.16641874,-16.48351659,-1.317097853,81.57785433333333
E,reference,BASE,175,18.71289021,-10.07465988,8.638230331,128.81234154166665
F,reference,BASE,175,8.6982342,-5.281521722,3.416712478,99.22069664583333
A,pulsed,PULSE1,176,2.420007266,-6.932577255,-4.512569989,35.126557291666664
B,pulsed,PULSE1,176,10.36386087,-11.92884516,-1.56498429,72.498997625
C,pulsed,PULSE1,176,5.77344219,-4.837004261,0.936437929,136.351415375
D,reference,PULSE1,176,12.66871592,-16.53293866,-3.864222736,89.19454064583333
E,reference,PULSE1,176,18.16300528,-14.99916237,3.163842907,132.55257166666667
F,reference,PULSE1,176,8.891586782,-11.11219846,-2.220611679,117.89338195833334
A,pulsed,PULSE1,177,3.169252149,-4.192412793,-1.023160644,48.000636666666665
B,pulsed,PULSE1,177,2.533109844,-5.560829949,-3.027720106,66.50213685416666
C,pulsed,PULSE1,177,8.742768283,-7.952998157,0.789770125,148.40815022916667
D,reference,PULSE1,177,6.110909482,-5.240579814,0.870329668,117.98234160416666
E,reference,PULSE1,177,7.416239683,-1.705270751,5.710968932,147.83114802083333
F,reference,PULSE1,177,NA,NA,NA,110.5729748125
A,pulsed,PULSE1,178,0.279609307,-4.271586655,-3.991977348,44.4376855625
B,pulsed,PULSE1,178,5.483487503,-7.252728024,-1.769240521,69.37771764583333
C,pulsed,PULSE1,178,0.665208281,-0.331211246,0.333997035,158.62632491666668
D,reference,PULSE1,178,4.60049875,-7.888501196,-3.288002446,117.15409779166667
E,reference,PULSE1,178,7.906128752,-10.73141575,-2.825286993,170.045669875
F,reference,PULSE1,178,NA,NA,NA,101.66731791666666
A,pulsed,PULSE1,179,9.83023179,-21.54021307,-11.70998128,22.8170390625
B,pulsed,PULSE1,179,2.171555768,-4.661604979,-2.490049211,64.92882708333333
C,pulsed,PULSE1,179,1.157331736,-0.204236652,0.953095084,151.37732229166667
D,reference,PULSE1,179,3.745604929,-4.454804592,-0.709199663,89.12581395833334
E,reference,PULSE1,179,3.848702393,-5.614441058,-1.765738666,144.19976583333334
F,reference,PULSE1,179,2.870304392,-3.484472497,-0.614168105,114.80412210416667
A,pulsed,PULSE1,180,NA,NA,NA,25.278870729166666
B,pulsed,PULSE1,180,NA,NA,NA,52.663237645833334
C,pulsed,PULSE1,180,5.525466825,-3.70836554,1.817101286,150.299040875
D,reference,PULSE1,180,6.484887145,-3.388018212,3.096868933,94.78605820833333
E,reference,PULSE1,180,10.70059444,-5.656245102,5.044349338,152.42635441666667
F,reference,PULSE1,180,9.158075589,-10.29854391,-1.140468324,98.73925879166667
A,pulsed,PULSE1,181,NA,NA,NA,23.790077020833333
B,pulsed,PULSE1,181,0.100542314,-3.100415608,-2.999873295,52.77960989583333
C,pulsed,PULSE1,181,2.864849191,-1.981931145,0.882918046,145.45638777083335
D,reference,PULSE1,181,9.638526447,-15.80605741,-6.16753096,94.88687591666667
E,reference,PULSE1,181,8.000735588,-6.864081123,1.136654466,143.64897
F,reference,PULSE1,181,5.928796759,-6.978161094,-1.049364335,115.2966895
A,pulsed,PULSE1,182,NA,NA,NA,18.133713291666666
B,pulsed,PULSE1,182,NA,NA,NA,49.595025
C,pulsed,PULSE1,182,0.053231354,-0.455138248,-0.401906894,130.77481758333334
D,reference,PULSE1,182,2.384216892,-0.943049918,1.441166974,90.96164745833333
E,reference,PULSE1,182,9.479247501,-9.893798526,-0.414551025,145.2407205
F,reference,PULSE1,182,3.391995486,-2.989668445,0.402327041,120.15149272916666
A,pulsed,PULSE1,183,2.450659892,-7.805686239,-5.355026347,16.701309604166667
B,pulsed,PULSE1,183,3.628261928,-6.477492479,-2.8492305509999998,43.38417327083333
C,pulsed,PULSE1,183,4.792687409,-5.400830785,-0.608143376,129.7378153125
D,reference,PULSE1,183,11.4346307,-16.83102895,-5.396398259,65.48873775
E,reference,PULSE1,183,6.607523514,-9.372449018,-2.764925504,107.65229843750001
F,reference,PULSE1,183,6.667684296,-1.860332996,4.8073513,100.63075827083334
A,pulsed,PULSE1,184,0.874916109,-4.512519666,-3.637603558,10.837421083333334
B,pulsed,PULSE1,184,4.273615005,-4.086410717,0.187204288,57.2980875
C,pulsed,PULSE1,184,7.099209479,-2.629931936,4.469277543,150.627748
D,reference,PULSE1,184,7.145076493,-10.24916835,-3.104091853,67.53060222916666
E,reference,PULSE1,184,6.424626405,-4.709561153,1.715065252,108.93027520833333
F,reference,PULSE1,184,3.281717758,-4.750053741,-1.468335983,119.88802339583333
A,pulsed,PULSE1,185,0.371657489,-4.180735602,-3.809078113,11.540952208333334
B,pulsed,PULSE1,185,4.728559265,-9.685409775,-4.95685051,42.06883704166667
C,pulsed,PULSE1,185,7.824104208,-6.949772569,0.874331639,168.1758325625
D,reference,PULSE1,185,4.701605068,-7.163013451,-2.461408383,67.53979429166667
E,reference,PULSE1,185,1.547113262,-2.618300594,-1.071187332,123.57312508333334
F,reference,PULSE1,185,8.140661558,-6.749366454,1.391295104,119.3297589375
A,pulsed,PULSE1,186,0.920169744,-5.665874678,-4.745704934,6.849360145833333
B,pulsed,PULSE1,186,6.683079303,-10.2692012,-3.586121895,46.83776575
C,pulsed,PULSE1,186,5.131280691,-4.616476633,0.514804059,170.95152283333334
D,reference,PULSE1,186,7.012413239,-12.21146936,-5.199056121,60.43692204166667
E,reference,PULSE1,186,9.956445636,-10.95637248,-0.999926842,111.59097270833334
F,reference,PULSE1,186,4.893712141,-4.492959054,0.400753088,127.37063470833334
A,pulsed,PULSE1,187,3.670528577,-6.794116214,-3.123587636,12.351430166666667
B,pulsed,PULSE1,187,15.5702454,-15.25294104,0.317304358,63.652177458333334
C,pulsed,PULSE1,187,5.419122238,-6.002047339,-0.582925102,157.17608547916666
D,reference,PULSE1,187,11.66454371,-15.4978462,-3.833302494,61.38611514583334
E,reference,PULSE1,187,7.630414619,-6.489596225,1.140818394,119.4804304375
F,reference,PULSE1,187,7.467891199,-7.355347364,0.112543835,131.20996239583334
A,pulsed,PULSE1,188,2.458624776,-6.851070647,-4.392445871,9.337439125
B,pulsed,PULSE1,188,4.917981885,-7.381431148,-2.4634492629999998,45.68742125
C,pulsed,PULSE1,188,7.628121796,-8.08267571,-0.454553914,110.05397864583334
D,reference,PULSE1,188,12.1745141,-15.85170478,-3.677190682,57.734070125
E,reference,PULSE1,188,8.566249073,-8.439224235,0.127024839,132.3075003125
F,reference,PULSE1,188,6.457324121,-3.072024256,3.385299865,130.64416229166667
A,pulsed,PULSE1,189,1.26601069,-4.256548376,-2.990537686,7.480390916666667
B,pulsed,PULSE1,189,5.129301098,-8.709558584,-3.580257486,47.1790714375
C,pulsed,PULSE1,189,4.007777287,-5.040724079,-1.032946793,125.36177616666667
D,reference,PULSE1,189,6.506800875,-8.898722323,-2.391921448,53.435822125
E,reference,PULSE1,189,11.16928432,-14.3503522,-3.181067878,119.75896877083333
F,reference,PULSE1,189,9.081200176,-10.82573505,-1.74453487,126.93574916666667
A,pulsed,PULSE1,190,0.858468033,-4.411923249,-3.553455216,5.0553702708333335
B,pulsed,PULSE1,190,3.85627691,-7.967060527,-4.110783617,40.338346375
C,pulsed,PULSE1,190,3.867900806,-4.392558338,-0.524657531,118.20801924999999
D,reference,PULSE1,190,9.718953904,-11.37786331,-1.658909406,50.793710833333336
E,reference,PULSE1,190,5.888315834,-5.168643428,0.719672405,103.61872127083333
F,reference,PULSE1,190,9.5115889,-7.287078252,2.224510648,114.77391458333334
A,pulsed,PULSE1,191,NA,NA,NA,6.9151267291666665
B,pulsed,PULSE1,191,NA,NA,NA,35.8663115625
C,pulsed,PULSE1,191,4.978236556,-7.732191262,-2.753954706,89.19266541666667
D,reference,PULSE1,191,11.59406843,-16.68901649,-5.094948061,42.494096479166664
E,reference,PULSE1,191,8.479108349,-9.526836931,-1.047728582,99.71942872916667
F,reference,PULSE1,191,7.290730745,-13.68959309,-6.398862348,82.66263172916666
A,pulsed,PULSE1,192,NA,NA,NA,14.55468644680851
B,pulsed,PULSE1,192,NA,NA,NA,38.022024808510636
C,pulsed,PULSE1,192,9.406241784,-13.96358,-4.557338216,66.78739654166667
D,reference,PULSE1,192,7.442712061,-11.2441782,-3.801466136,19.875915770833334
E,reference,PULSE1,192,NA,NA,NA,91.13495906382978
F,reference,PULSE1,192,NA,NA,NA,89.3164289574468
A,pulsed,PULSE1,193,1.705621005,-4.611788486,-2.906167481,21.984320375
B,pulsed,PULSE1,193,1.228885114,-3.144367726,-1.915482612,45.27158908333333
C,pulsed,PULSE1,193,3.259907278,-1.248162881,2.011744397,81.65615691666666
D,reference,PULSE1,193,2.591581853,-4.888466711,-2.296884859,21.9325074375
E,reference,PULSE1,193,2.983373521,-0.193221667,2.790151854,109.52776825
F,reference,PULSE1,193,7.0453308120000004,-8.167330768,-1.121999955,92.47107504166667
A,pulsed,PULSE1,194,4.548181633,-7.605630382,-3.057448749,15.794278958333333
B,pulsed,PULSE1,194,9.254726902,-13.35121496,-4.096488059,44.8393265625
C,pulsed,PULSE1,194,5.642592076,-7.137778128,-1.495186052,82.06746420833333
D,reference,PULSE1,194,4.028581853,-7.786418974,-3.757837122,27.4595468125
E,reference,PULSE1,194,13.25019754,-17.60442575,-4.354228207,104.24733
F,reference,PULSE1,194,11.05107836,-10.57693466,0.474143703,87.99755497916667
A,pulsed,PULSE1,195,6.52437838,-7.445951723,-0.921573342,25.5365849375
B,pulsed,PULSE1,195,5.823895423,-5.626047281,0.197848141,46.5944751875
C,pulsed,PULSE1,195,6.106560289,-6.354658405,-0.248098116,91.961949
D,reference,PULSE1,195,5.177034883,-4.47428162,0.702753263,38.8847654375
E,reference,PULSE1,195,10.94208232,-8.358178028,2.583904289,97.7144575625
F,reference,PULSE1,195,11.43859416,-11.20612332,0.23247084,102.789011625
A,pulsed,PULSE1,196,7.57043389,-10.36119112,-2.790757229,32.03500279166666
B,pulsed,PULSE1,196,6.080838573,-6.559567738,-0.478729164,57.33536572916667
C,pulsed,PULSE1,196,6.21108708,-5.511522141,0.699564939,87.3011193125
D,reference,PULSE1,196,3.509789258,-6.630286103,-3.120496845,48.079436
E,reference,PULSE1,196,13.10150399,-15.09417162,-1.992667627,104.24531016666667
F,reference,PULSE1,196,9.703678934,-15.83671492,-6.133035982,85.49461954166667
A,pulsed,PULSE1,197,4.570530324,-8.6706246320000009,-4.100094308,16.744345541666668
B,pulsed,PULSE1,197,4.611819254,-6.990103308,-2.378284053,46.7664985625
C,pulsed,PULSE1,197,5.95253474,-9.02852908,-3.07599434,65.81802352083334
D,reference,PULSE1,197,4.35770493,-9.630005733,-5.272300803,26.20169877083333
E,reference,PULSE1,197,10.10042547,-15.21452029,-5.114094828,58.385176395833334
F,reference,PULSE1,197,12.69039996,-17.5377103,-4.847310342,62.07865245833333
A,pulsed,PULSE1,198,7.399563927,-5.058475415,2.341088512,30.051105979166667
B,pulsed,PULSE1,198,5.795090806,-4.86985818,0.925232626,45.9466294375
C,pulsed,PULSE1,198,2.513141753,-5.903410925,-3.390269171,50.4268224375
D,reference,PULSE1,198,3.332740642,-4.673235401,-1.340494759,27.197141791666667
E,reference,PULSE1,198,8.442418422,-8.500641923,-0.058223501,68.67944808333333
F,reference,PULSE1,198,13.63487454,-14.74309187,-1.108217332,63.6964191875
A,pulsed,PULSE1,199,7.168616875,-6.527612679,0.641004196,56.40632464583333
B,pulsed,PULSE1,199,6.778025343,-7.259721292,-0.481695949,60.4733560625
C,pulsed,PULSE1,199,NA,NA,NA,72.26439970833333
D,reference,PULSE1,199,3.79144915,-1.11961495,2.6718342,52.031198458333336
E,reference,PULSE1,199,6.098686806,-4.136959425,1.961727382,102.40319566666666
F,reference,PULSE1,199,7.461357105,-9.907825629,-2.446468524,89.13478277083334
A,pulsed,PULSE1,200,7.29604803,-8.916399768,-1.620351738,74.53879210416666
B,pulsed,PULSE1,200,5.33819997,-7.721539742,-2.383339772,69.4567375625
C,pulsed,PULSE1,200,4.400173698,-4.965101485,-0.564927787,92.80341897916666
D,reference,PULSE1,200,4.652910035,-5.248450625,-0.59554059,62.1800110625
E,reference,PULSE1,200,6.879414511,-5.884494389,0.994920122,117.540332375
F,reference,PULSE1,200,7.692293585,-10.23850972,-2.546216137,101.36116720833333
A,pulsed,PULSE1,201,8.26130786,-10.53595831,-2.274650445,69.5442235
B,pulsed,PULSE1,201,4.650898524,-5.331093607,-0.680195082,62.661962833333334
C,pulsed,PULSE1,201,3.706264394,-4.328112496,-0.621848102,90.6600870625
D,reference,PULSE1,201,6.822403171,-7.45138147,-0.628978299,79.1792183125
E,reference,PULSE1,201,6.839276758,-8.275397524,-1.436120766,108.01552427083334
F,reference,PULSE1,201,2.778534822,-2.832084133,-0.053549311,92.77909149999999
A,pulsed,PULSE1,202,NA,NA,NA,46.419279583333335
B,pulsed,PULSE1,202,3.091108995,-4.856996843,-1.765887847,45.75374754166667
C,pulsed,PULSE1,202,2.158781917,-4.148191237,-1.989409321,63.90031629166666
D,reference,PULSE1,202,6.52194318,-9.748028873,-3.226085693,56.75333122916667
E,reference,PULSE1,202,5.937099799,-7.307284167,-1.370184368,80.23400808333334
F,reference,PULSE1,202,9.812713412,-13.17979654,-3.36708313,73.26053429166667
A,pulsed,PULSE1,203,5.358048777,-7.334229728,-1.976180951,31.48919475
B,pulsed,PULSE1,203,1.543801983,-2.302062754,-0.75826077,39.939820041666664
C,pulsed,PULSE1,203,5.364086968,-7.469558724,-2.105471756,47.719703395833335
D,reference,PULSE1,203,4.62859909,-7.013692151,-2.385093061,46.93909704166667
E,reference,PULSE1,203,6.174457988,-4.377490593,1.796967395,78.5760919375
F,reference,PULSE1,203,9.242506633,-9.496119893,-0.25361326,64.097444875
A,pulsed,PULSE1,204,7.095331138,-8.788999554,-1.693668415,46.264156375
B,pulsed,PULSE1,204,5.361027172,-7.846357458,-2.485330286,37.62701147916667
C,pulsed,PULSE1,204,2.153142262,-4.944329908,-2.791187646,41.87980795833333
D,reference,PULSE1,204,6.926167222,-7.557560002,-0.63139278,43.947512708333335
E,reference,PULSE1,204,5.062300165,-6.787586818,-1.725286654,66.11538691666667
F,reference,PULSE1,204,14.90355592,-16.40195572,-1.498399798,73.319997625
A,pulsed,PULSE1,205,10.020155280000001,-12.86964912,-2.849493831,48.21964072916666
B,pulsed,PULSE1,205,3.166821398,-4.074389633,-0.907568235,39.7968728125
C,pulsed,PULSE1,205,3.244598692,-5.464615416,-2.220016724,46.91161558333334
D,reference,PULSE1,205,4.916161182,-4.162753086,0.753408096,47.95128135416667
E,reference,PULSE1,205,7.158139878,-8.661455674,-1.503315796,82.22034804166667
F,reference,PULSE1,205,13.54451169,-16.90858205,-3.364070361,74.66340970833333
A,pulsed,PULSE1,206,8.182241099,-10.23112333,-2.048882233,48.43331045833333
B,pulsed,PULSE1,206,6.027453127,-7.685466958,-1.658013831,46.57291933333333
C,pulsed,PULSE1,206,4.896002328,-8.466119691,-3.570117363,42.8992865
D,reference,PULSE1,206,6.807438388,-8.426976366,-1.619537978,44.16826647916667
E,reference,PULSE1,206,7.439115121,-10.17401508,-2.734899961,79.529083625
F,reference,PULSE1,206,8.267018372,-10.38903805,-2.122019676,89.73544302083333
A,pulsed,PULSE1,207,7.705957094,-9.792133227,-2.086176133,62.23343354166667
B,pulsed,PULSE1,207,6.865984461,-7.397163204,-0.531178744,59.60459927083333
C,pulsed,PULSE1,207,3.363387659,-3.915756418,-0.552368759,55.30611860416667
D,reference,PULSE1,207,2.466277414,-5.116009087,-2.649731673,29.841622708333333
E,reference,PULSE1,207,4.822286164,-5.885022742,-1.062736578,76.14570475
F,reference,PULSE1,207,5.747823296,-8.653069808,-2.905246511,98.55710152083333
A,pulsed,PULSE1,208,3.289980554,-10.27961842,-6.989637864,33.8703475625
B,pulsed,PULSE1,208,1.629946449,-4.560971378,-2.93102493,49.31465185416667
C,pulsed,PULSE1,208,2.71596083,-4.994508527,-2.278547697,43.91926260416667
D,reference,PULSE1,208,NA,NA,NA,20.16268475
E,reference,PULSE1,208,10.2225378,-14.8550932,-4.632555403,54.870025104166665
F,reference,PULSE1,208,8.13389251,-15.5291239,-7.395231393,75.18279464583334
A,pulsed,PULSE1,209,3.274292323,-4.204986695,-0.930694372,16.3688865
B,pulsed,PULSE1,209,5.871360919,-7.5735947,-1.702233782,34.70840691666667
C,pulsed,PULSE1,209,4.661266819,-7.714355956,-3.053089137,28.120798520833333
D,reference,PULSE1,209,6.525463792,-9.734300166,-3.208836374,26.157523145833334
E,reference,PULSE1,209,3.931004011,-5.382161729,-1.451157718,34.779930354166666
F,reference,PULSE1,209,7.076576221,-7.148563481,-0.07198726,56.54632658333333
A,pulsed,PULSE1,210,6.303628714,-8.2242301350000009,-1.920601421,27.4818331875
B,pulsed,PULSE1,210,4.36286204,-3.326113079,1.036748961,41.18178427083333
C,pulsed,PULSE1,210,5.04788535,-6.32307638,-1.27519103,41.2662499375
D,reference,PULSE1,210,4.773972415,-9.169030976,-4.39505856,27.061636895833335
E,reference,PULSE1,210,5.187847484,-5.676907863,-0.489060379,46.4507533125
F,reference,PULSE1,210,9.72083278,-9.947311684,-0.226478905,75.7105980625
A,pulsed,PULSE2,211,3.3735416,-7.292020676,-3.918479076,17.945555375
B,pulsed,PULSE2,211,2.7177928,-3.698392373,-0.980599574,41.257407125
C,pulsed,PULSE2,211,4.092122921,-6.812083468,-2.719960547,45.634205854166666
D,reference,PULSE2,211,1.620907563,-8.171059284,-6.550151721,23.958669020833334
E,reference,PULSE2,211,2.402258677,-6.913527277,-4.5112686,31.506435645833335
F,reference,PULSE2,211,1.607935274,-6.423507275,-4.815572001,71.71412404166666
A,pulsed,PULSE2,212,5.492794176,-7.7720028,-2.279208624,22.854800458333333
B,pulsed,PULSE2,212,6.240794197,-7.357786399,-1.116992201,48.44754035416667
C,pulsed,PULSE2,212,5.960822874,-5.352534195,0.608288679,48.902000020833334
D,reference,PULSE2,212,0.607127312,-2.551488822,-1.94436151,27.846304145833333
E,reference,PULSE2,212,2.455178902,-1.744827823,0.710351079,45.9514258125
F,reference,PULSE2,212,8.230573028,-9.460435684,-1.229862656,64.23293454166667
A,pulsed,PULSE2,213,5.759791181,-8.475849333,-2.716058152,18.023762958333332
B,pulsed,PULSE2,213,9.368219923,-12.87947237,-3.511252444,47.4082310625
C,pulsed,PULSE2,213,9.372628134,-11.58968682,-2.217058685,42.198224145833336
D,reference,PULSE2,213,5.629821892,-14.06898172,-8.439159823,29.00140525
E,reference,PULSE2,213,6.813409323,-9.195356656,-2.381947333,34.16051616666667
F,reference,PULSE2,213,10.95724798,-14.74388431,-3.786636328,68.32231722916667
A,pulsed,PULSE2,214,2.814157548,-6.131453378,-3.31729583,10.495117541666666
B,pulsed,PULSE2,214,6.359035267,-5.175092049,1.183943218,61.722687791666665
C,pulsed,PULSE2,214,3.45763612,-2.867572548,0.590063572,47.10587395833333
D,reference,PULSE2,214,2.395268023,-8.014363702,-5.619095679,19.499092541666666
E,reference,PULSE2,214,5.635827409,-8.460881374,-2.825053965,31.564676666666667
F,reference,PULSE2,214,9.33882194,-14.16369217,-4.824870228,53.73867833333333
A,pulsed,PULSE2,215,4.189911997,-6.697222678,-2.507310681,18.393341958333334
B,pulsed,PULSE2,215,3.852508568,-4.057453355,-0.204944788,62.62951152083333
C,pulsed,PULSE2,215,10.8768768,-12.63472711,-1.757850308,70.79344995833333
D,reference,PULSE2,215,NA,NA,NA,31.167974395833333
E,reference,PULSE2,215,5.714123724,-6.915030128,-1.200906404,43.948474833333336
F,reference,PULSE2,215,9.890756993,-9.781590767,0.109166226,69.463264
A,pulsed,PULSE2,216,3.380663288,-6.095583132,-2.714919844,13.8913535
B,pulsed,PULSE2,216,6.951497083,-9.045411178,-2.093914095,69.01191152083334
C,pulsed,PULSE2,216,6.103022519,-7.918468364,-1.815445845,56.051245333333334
D,reference,PULSE2,216,3.370803414,-9.225129924,-5.85432651,19.1900155625
E,reference,PULSE2,216,4.129110772,-7.396253242,-3.26714247,25.300062333333333
F,reference,PULSE2,216,10.96635841,-15.91284557,-4.946487158,49.71602377083333
A,pulsed,PULSE2,217,NA,NA,NA,17.791608208333333
B,pulsed,PULSE2,217,3.459019268,-5.293305736,-1.834286467,66.00161375
C,pulsed,PULSE2,217,1.310474366,-6.086507551,-4.776033185,51.90008195833333
D,reference,PULSE2,217,NA,NA,NA,6.290357604166667
E,reference,PULSE2,217,NA,NA,NA,28.43548675
F,reference,PULSE2,217,NA,NA,NA,46.7341230625
A,pulsed,PULSE2,218,NA,NA,NA,19.3998656875
B,pulsed,PULSE2,218,3.561913604,-3.07844136,0.483472244,70.030975625
C,pulsed,PULSE2,218,2.394988108,-5.382282674,-2.987294566,52.41037608333333
D,reference,PULSE2,218,NA,NA,NA,10.599800020833333
E,reference,PULSE2,218,3.93178901,-10.54568495,-6.613895937,29.517883666666666
F,reference,PULSE2,218,2.053716211,-8.021639125,-5.967922914,46.412461729166665
A,pulsed,PULSE2,219,4.921026706,-8.390445646,-3.46941894,24.0151850625
B,pulsed,PULSE2,219,8.273860409,-10.29663899,-2.022778585,69.23108927083334
C,pulsed,PULSE2,219,5.187336746,-5.292163812,-0.104827067,63.63158422916666
D,reference,PULSE2,219,0.718563028,-3.883375185,-3.164812157,22.242919999999998
E,reference,PULSE2,219,4.121283286,-6.950059968,-2.828776681,34.764264645833336
F,reference,PULSE2,219,4.308977111,-8.430895871,-4.12191876,47.29803129166667
A,pulsed,PULSE2,220,NA,NA,NA,27.321289041666667
B,pulsed,PULSE2,220,5.289169233,-2.857653333,2.4315159,77.65533208333333
C,pulsed,PULSE2,220,10.01642473,-8.364879977,1.651544753,76.10591102083333
D,reference,PULSE2,220,NA,NA,NA,21.7130850625
E,reference,PULSE2,220,2.322365817,-10.04464593,-7.72228011,31.385327666666665
F,reference,PULSE2,220,3.000764682,-11.14302036,-8.142255674,36.7828420625
A,pulsed,PULSE2,221,3.23022127,-7.077015456,-3.846794186,41.568020625
B,pulsed,PULSE2,221,9.938671359,-13.80651914,-3.867847782,84.982129625
C,pulsed,PULSE2,221,10.63239127,-8.310405949,2.321985317,95.9217914375
D,reference,PULSE2,221,0.564634386,-4.54751759,-3.982883204,27.7717091875
E,reference,PULSE2,221,4.22907537,-8.029988575,-3.800913205,42.719167041666665
F,reference,PULSE2,221,3.27643697,-4.165643647,-0.889206678,50.9903939375
A,pulsed,PULSE2,222,5.452112199,-6.269107203,-0.816995004,55.5640906875
B,pulsed,PULSE2,222,6.379436706,-10.3793943,-3.999957594,81.94921108333334
C,pulsed,PULSE2,222,5.346676819,-4.483350452,0.863326366,90.85742464583333
D,reference,PULSE2,222,0.401081236,-3.00780906,-2.606727825,35.911375354166665
E,reference,PULSE2,222,2.632106286,-6.342400669,-3.710294382,41.488008625
F,reference,PULSE2,222,1.220493184,-3.705430148,-2.484936964,49.379878125
A,pulsed,PULSE2,223,3.775048007,-6.0231074,-2.248059393,47.85079835416666
B,pulsed,PULSE2,223,2.818795525,-3.538764733,-0.719969207,64.26253625
C,pulsed,PULSE2,223,3.57202815,-4.617893116,-1.045864965,70.19714235416667
D,reference,PULSE2,223,1.847979846,-4.539876477,-2.691896631,45.23657541666667
E,reference,PULSE2,223,3.801278147,-7.055122647,-3.2538445,41.5803696875
F,reference,PULSE2,223,3.490515703,-6.598650602,-3.108134898,43.30573308333334
A,pulsed,PULSE2,224,7.250805902,-6.918774082,0.33203182,48.90732679166667
B,pulsed,PULSE2,224,7.781019286,-6.170346856,1.610672429,69.86508541666667
C,pulsed,PULSE2,224,17.67564738,-12.01541944,5.660227948,79.99557785416667
D,reference,PULSE2,224,8.364947666,-8.699942118,-0.334994452,44.63718170833333
E,reference,PULSE2,224,5.100120498,-7.320657918,-2.22053742,39.4577113125
F,reference,PULSE2,224,NA,NA,NA,24.063632479166667
A,pulsed,PULSE2,225,11.21404533,-13.08024034,-1.866195012,57.620728854166664
B,pulsed,PULSE2,225,5.781191151,-6.215460834,-0.434269683,68.64334745833334
C,pulsed,PULSE2,225,3.98494795,-2.679126519,1.305821432,80.6133568125
D,reference,PULSE2,225,6.781906133,-8.328975335,-1.547069202,65.92291064583334
E,reference,PULSE2,225,4.417308372,-7.75525735,-3.337948978,40.80632960416666
F,reference,PULSE2,225,1.624143635,-3.338329328,-1.714185693,29.786767729166666
A,pulsed,PULSE2,226,8.965458983,-6.213639885,2.751819097,59.90615066666667
B,pulsed,PULSE2,226,8.678119859,-10.2529787,-1.574858842,70.34007414583333
C,pulsed,PULSE2,226,11.72677147,-11.5555607,0.171210762,100.57570327083333
D,reference,PULSE2,226,7.44874026,-7.283113277,0.165626983,87.20204110416667
E,reference,PULSE2,226,2.135911566,-4.269260123,-2.133348557,41.615167729166664
F,reference,PULSE2,226,1.81097942,-3.039634011,-1.228654592,40.06089760416667
A,pulsed,PULSE2,227,14.11431844,-16.93643898,-2.822120548,74.42598533333333
B,pulsed,PULSE2,227,8.04332271,-11.185886,-3.142563287,64.61166027083334
C,pulsed,PULSE2,227,8.984366574,-8.374007447,0.610359127,96.58659983333334
D,reference,PULSE2,227,9.202760019,-10.43548678,-1.23272676,92.74889460416667
E,reference,PULSE2,227,4.884312849,-6.633779885,-1.749467036,50.43225252083333
F,reference,PULSE2,227,2.460512336,-4.554971753,-2.094459417,46.420696416666665
A,pulsed,PULSE2,228,10.93772504,-13.2962216,-2.358496567,69.96514633333334
B,pulsed,PULSE2,228,6.930673887,-9.087022989,-2.156349102,59.685714041666664
C,pulsed,PULSE2,228,9.97698434,-11.88530853,-1.908324189,89.67096739583333
D,reference,PULSE2,228,6.91137185,-9.53961837,-2.628246519,80.71381727083333
E,reference,PULSE2,228,7.192578355,-10.39853373,-3.205955374,58.25787483333333
F,reference,PULSE2,228,7.572951262,-11.1171143,-3.54416304,50.63483591666667
A,pulsed,PULSE2,229,8.620587631,-9.616592458,-0.996004827,52.29548489583333
B,pulsed,PULSE2,229,6.724019781,-8.735206351,-2.01118657,48.26511070833333
C,pulsed,PULSE2,229,7.669829032,-8.052428537,-0.382599505,72.03638289583333
D,reference,PULSE2,229,9.138033232,-11.88761564,-2.749582408,61.312277145833335
E,reference,PULSE2,229,4.552500012,-8.891980939,-4.339480927,35.58806002083333
F,reference,PULSE2,229,3.991595371,-5.45264097,-1.461045599,47.849900833333336
A,pulsed,PULSE2,230,9.920673245,-12.76911553,-2.848442289,50.827142625
B,pulsed,PULSE2,230,6.728503782,-8.796673188,-2.068169406,46.89576591666667
C,pulsed,PULSE2,230,6.607697982,-7.042353034,-0.434655052,77.53092589583333
D,reference,PULSE2,230,6.70218891,-9.485233827,-2.783044917,61.20840039583333
E,reference,PULSE2,230,4.009909886,-7.321226493,-3.311316607,31.163433416666667
F,reference,PULSE2,230,7.876616554,-7.829074198,0.047542356,59.712352208333336
A,pulsed,PULSE2,231,4.977855646,-8.587208802,-3.609353156,44.71149747916667
B,pulsed,PULSE2,231,NA,NA,NA,42.101159333333335
C,pulsed,PULSE2,231,NA,NA,NA,68.64315491666667
D,reference,PULSE2,231,3.080901633,-3.074331482,0.006570151,42.83183025
E,reference,PULSE2,231,3.751000067,-5.604959399,-1.853959332,19.200267708333335
F,reference,PULSE2,231,4.194323335,-6.16806087,-1.973737534,46.06792045833333
A,pulsed,PULSE2,232,5.204966615,-10.77476851,-5.569801895,39.4806218125
B,pulsed,PULSE2,232,3.625892718,-6.418951217,-2.793058499,47.7147090625
C,pulsed,PULSE2,232,9.452416398,-7.355682688,2.09673371,79.37476985416667
D,reference,PULSE2,232,7.412661422,-9.582254233,-2.16959281,52.594200791666665
E,reference,PULSE2,232,1.053553458,-4.323026166,-3.269472708,20.441591645833334
F,reference,PULSE2,232,7.694015045,-8.875713168,-1.181698123,64.28398275
A,pulsed,PULSE2,233,6.478805989,-7.435856538,-0.957050548,46.7616293125
B,pulsed,PULSE2,233,4.990520258,-5.262027717,-0.271507459,51.61127685416667
C,pulsed,PULSE2,233,10.59501024,-11.65058751,-1.05557727,82.68085710416666
D,reference,PULSE2,233,8.901461831,-9.097438817,-0.195976986,67.17688954166667
E,reference,PULSE2,233,4.80203845,-7.382688574,-2.580650123,29.7235770625
F,reference,PULSE2,233,2.493069238,-3.62959481,-1.136525572,58.35490466666667
A,pulsed,PULSE2,234,3.832267323,-4.490247711,-0.657980388,47.25509329166667
B,pulsed,PULSE2,234,8.192760244,-10.13230851,-1.939548263,55.906408375
C,pulsed,PULSE2,234,9.102378124,-7.057128309,2.045249815,92.21977047916667
D,reference,PULSE2,234,8.240294849,-7.081539354,1.158755495,76.4117780625
E,reference,PULSE2,234,6.772895635,-8.816709658,-2.043814023,38.79391597916667
F,reference,PULSE2,234,7.47112202,-8.367294283,-0.896172263,70.71754204166666
A,pulsed,PULSE2,235,6.199685448,-10.1156285,-3.915943048,43.09081252083333
B,pulsed,PULSE2,235,5.01091968,-7.90834312,-2.89742344,48.923404625
C,pulsed,PULSE2,235,4.992272684,-6.354565505,-1.362292821,73.7534699375
D,reference,PULSE2,235,8.255991023,-12.69443162,-4.438440601,64.17595610416667
E,reference,PULSE2,235,1.107990361,-4.526530104,-3.418539743,30.168217354166668
F,reference,PULSE2,235,5.935668254,-6.820109176,-0.884440922,70.6130016875
A,pulsed,PULSE2,236,0.994198417,-5.109014068,-4.114815651,42.493738354166666
B,pulsed,PULSE2,236,7.306363363,-7.1455091,0.160854263,59.2533651875
C,pulsed,PULSE2,236,8.370223104,-4.072963839,4.297259265,74.56189768750001
D,reference,PULSE2,236,8.029490095,-6.880810116,1.148679978,65.25859039583334
E,reference,PULSE2,236,6.415484373,-6.894624533,-0.47914016,42.019914854166664
F,reference,PULSE2,236,9.16123257,-10.12434857,-0.963115998,69.590330875
A,pulsed,PULSE2,237,6.134831339,-5.561216754,0.573614586,53.37574158333334
B,pulsed,PULSE2,237,10.13120146,-13.62292833,-3.491726863,60.78644404166667
C,pulsed,PULSE2,237,6.043631064,-4.646286086,1.397344978,86.53387252083333
D,reference,PULSE2,237,10.94245543,-12.36591042,-1.423454994,86.92790639583333
E,reference,PULSE2,237,6.592840154,-8.107538635,-1.514698481,54.05148552083333
F,reference,PULSE2,237,4.01946751,-7.041552058,-3.022084549,70.69141539583333
A,pulsed,PULSE2,238,8.351111623,-9.768709893,-1.41759827,71.7382880625
B,pulsed,PULSE2,238,8.720369289,-11.99615784,-3.275788556,65.80240829166667
C,pulsed,PULSE2,238,6.48970055,-6.729441823,-0.239741273,72.08967814583333
D,reference,PULSE2,238,11.64514045,-11.00830893,0.636831526,97.0562165625
E,reference,PULSE2,238,8.470563501,-10.67550829,-2.204944785,56.872625625
F,reference,PULSE2,238,6.42823722,-7.57674028,-1.14850306,79.0109816875
A,pulsed,PULSE2,239,11.86249485,-13.51990132,-1.657406472,63.29986202083333
B,pulsed,PULSE2,239,5.287221655,-7.312475004,-2.025253349,53.72370670833333
C,pulsed,PULSE2,239,6.452720656,-8.936021514,-2.4833008580000002,69.60199470833334
D,reference,PULSE2,239,13.4749425,-12.57303072,0.901911785,104.020233625
E,reference,PULSE2,239,8.111656335,-12.05107171,-3.939415376,48.130127875
F,reference,PULSE2,239,8.183489167,-9.99855578,-1.815066613,75.02900779166667
A,pulsed,PULSE2,240,11.08660614,-13.28527498,-2.198668844,65.94782947916667
B,pulsed,PULSE2,240,7.327224899,-7.74602453,-0.418799631,51.5809243125
C,pulsed,PULSE2,240,5.873729789,-8.460849341,-2.587119552,61.621962375
D,reference,PULSE2,240,12.05227726,-11.32322203,0.729055222,110.0992019375
E,reference,PULSE2,240,9.146653421,-12.97492198,-3.828268562,39.12828727083333
F,reference,PULSE2,240,8.971005348,-9.878526525,-0.907521178,69.36546514583333
A,pulsed,PULSE2,241,NA,NA,NA,NA
B,pulsed,PULSE2,241,NA,NA,NA,NA
C,pulsed,PULSE2,241,NA,NA,NA,NA
D,reference,PULSE2,241,NA,NA,NA,NA
E,reference,PULSE2,241,NA,NA,NA,NA
F,reference,PULSE2,241,NA,NA,NA,NA
NA,NA,NA,242,NA,NA,NA,NA
NA,NA,NA,243,NA,NA,NA,NA
NA,NA,NA,244,NA,NA,NA,NA
