"sample_id","pond_id","doy","vial","lot_number","sample_type","run","start_time","end_time","vial_number","toc_ppb","ic_ppb","tc_ppb","run_date","mean_blank_toc_ppb","mean_blank_ic_ppb","mean_blank_tc_ppb","doc_ppb","dic_ppb","dc_ppb"
"E143","E",143,"E20E143",NA,"Sample",0,2021-12-08 16:41:03,2021-12-08 17:13:21,"3",39500,185,39700,"Dec. 8",80.65,184.5,265,39419.35,0.5,39435
"E146","E",146,"E20E146",NA,"Sample",0,2021-12-08 17:13:34,2021-12-08 17:45:50,"4",17800,184,18000,"Dec. 8",80.65,184.5,265,17719.35,-0.5,17735
"E148","E",148,"E20E148",NA,"Sample",0,2021-12-08 17:46:04,2021-12-08 18:18:14,"5",6300,216,6520,"Dec. 8",80.65,184.5,265,6219.35,31.5,6255
"E150","E",150,"E20E150",NA,"Sample",0,2021-12-08 18:18:27,2021-12-08 18:50:35,"6",6530,226,6750,"Dec. 8",80.65,184.5,265,6449.35,41.5,6485
"F146","F",146,"E20F146",NA,"Sample",0,2021-12-08 18:50:49,2021-12-08 19:22:57,"7",6710,226,6940,"Dec. 8",80.65,184.5,265,6629.35,41.5,6675
"F143","F",143,"E20F143",NA,"Sample",0,2021-12-08 19:23:10,2021-12-08 19:55:18,"8",6110,228,6340,"Dec. 8",80.65,184.5,265,6029.35,43.5,6075
"F148","F",148,"E20F148",NA,"Sample",0,2021-12-08 19:55:32,2021-12-08 20:27:40,"9",5330,198,5530,"Dec. 8",80.65,184.5,265,5249.35,13.5,5265
"F150","F",150,"E20F150",NA,"Sample",0,2021-12-08 20:27:54,2021-12-08 21:00:03,"10",5730,188,5920,"Dec. 8",80.65,184.5,265,5649.35,3.5,5655
"D143","D",143,"E20D143",NA,"Sample",0,2021-12-08 21:00:18,2021-12-08 21:32:26,"11",6120,191,6310,"Dec. 8",80.65,184.5,265,6039.35,6.5,6045
"D146","D",146,"E20D146",NA,"Sample",0,2021-12-08 21:32:40,2021-12-08 22:04:48,"12",7010,186,7200,"Dec. 8",80.65,184.5,265,6929.35,1.5,6935
"D148","D",148,"E20D148",NA,"Sample",0,2021-12-08 22:05:01,2021-12-08 22:37:10,"13",6230,183,6410,"Dec. 8",80.65,184.5,265,6149.35,-1.5,6145
"D150","D",150,"E20D150",NA,"Sample",0,2021-12-08 22:37:24,2021-12-08 23:09:33,"14",7260,185,7440,"Dec. 8",80.65,184.5,265,7179.35,0.5,7175
"A143","A",143,"A143","E20","Sample",1,2022-01-21 15:47:42,2022-01-21 16:15:59,"3",7500,260,7760,"Jan. 21",170.225,81.95,252.5,7329.775,178.05,7507.5
"A146","A",146,"A146","E20","Sample",1,2022-01-21 16:16:13,2022-01-21 16:44:19,"4",23900,242,24100,"Jan. 21",170.225,81.95,252.5,23729.775,160.05,23847.5
"A148","A",148,"A148","E20","Sample",1,2022-01-21 16:44:32,2022-01-21 17:12:40,"5",7160,256,7420,"Jan. 21",170.225,81.95,252.5,6989.775,174.05,7167.5
"A150","A",150,"A150","E20","Sample",1,2022-01-21 17:12:54,2022-01-21 17:40:59,"6",7190,572,7760,"Jan. 21",170.225,81.95,252.5,7019.775,490.05,7507.5
"A153","A",153,"A153","E20","Sample",1,2022-01-21 17:41:12,2022-01-21 18:09:17,"7",7500,225,7730,"Jan. 21",170.225,81.95,252.5,7329.775,143.05,7477.5
"A155","A",155,"A155","E20","Sample",1,2022-01-21 18:09:31,2022-01-21 18:37:37,"8",16200,204,16400,"Jan. 21",170.225,81.95,252.5,16029.775,122.05,16147.5
"A157","A",157,"A157","E20","Sample",1,2022-01-21 18:37:50,2022-01-21 19:05:57,"9",8090,232,8320,"Jan. 21",170.225,81.95,252.5,7919.775,150.05,8067.5
"A160","A",160,"A160","E20","Sample",1,2022-01-21 19:06:11,2022-01-21 19:34:16,"10",8420,301,8720,"Jan. 21",170.225,81.95,252.5,8249.775,219.05,8467.5
"A162","A",162,"A162","E20","Sample",1,2022-01-21 19:34:32,2022-01-21 20:02:38,"11",8420,1260,9680,"Jan. 21",170.225,81.95,252.5,8249.775,1178.05,9427.5
"A164","A",164,"A164","E20","Sample",1,2022-01-21 20:02:52,2022-01-21 20:30:57,"12",8710,237,8950,"Jan. 21",170.225,81.95,252.5,8539.775,155.05,8697.5
"A167","A",167,"A167","E20","Sample",1,2022-01-21 20:31:11,2022-01-21 20:59:17,"13",9240,227,9470,"Jan. 21",170.225,81.95,252.5,9069.775,145.05,9217.5
"A169","A",169,"A169","E20","Sample",1,2022-01-21 20:59:30,2022-01-21 21:27:36,"14",9260,230,9490,"Jan. 21",170.225,81.95,252.5,9089.775,148.05,9237.5
"A171","A",171,"A171","E20","Sample",1,2022-01-21 21:56:08,2022-01-21 22:24:25,"16",9900,299,10200,"Jan. 21",170.225,81.95,252.5,9729.775,217.05,9947.5
"A174","A",174,"A174","E20","Sample",1,2022-01-21 22:24:38,2022-01-21 22:52:44,"17",38600,206,38800,"Jan. 21",170.225,81.95,252.5,38429.775,124.05,38547.5
"A175","A",175,"A175","E20","Sample",1,2022-01-21 22:52:58,2022-01-21 23:21:11,"18",16700,199,16900,"Jan. 21",170.225,81.95,252.5,16529.775,117.05,16647.5
"A176","A",176,"A176","E20","Sample",1,2022-01-21 23:21:25,2022-01-21 23:49:33,"19",27500,204,27700,"Jan. 21",170.225,81.95,252.5,27329.775,122.05,27447.5
"A177","A",177,"A177","E20","Sample",1,2022-01-21 23:49:47,2022-01-22 00:17:57,"20",16800,202,17000,"Jan. 21",170.225,81.95,252.5,16629.775,120.05,16747.5
"A178","A",178,"A178","E20","Sample",1,2022-01-22 00:18:12,2022-01-22 00:46:19,"21",17100,208,17300,"Jan. 21",170.225,81.95,252.5,16929.775,126.05,17047.5
"A181","A",181,"A181","E20","Sample",1,2022-01-22 00:46:33,2022-01-22 01:14:41,"22",18600,200,18800,"Jan. 21",170.225,81.95,252.5,18429.775,118.05,18547.5
"A183","A",183,"A183","E20","Sample",1,2022-01-22 01:14:55,2022-01-22 01:43:02,"23",22200,202,22400,"Jan. 21",170.225,81.95,252.5,22029.775,120.05,22147.5
"A185","A",185,"A185","E20","Sample",1,2022-01-22 01:43:16,2022-01-22 02:11:25,"24",14900,199,15100,"Jan. 21",170.225,81.95,252.5,14729.775,117.05,14847.5
"A188","A",188,"A188","E20","Sample",1,2022-01-22 02:11:38,2022-01-22 02:39:45,"25",18100,205,18300,"Jan. 21",170.225,81.95,252.5,17929.775,123.05,18047.5
"A190","A",190,"A190","E20","Sample",1,2022-01-22 02:39:59,2022-01-22 03:08:06,"26",22700,207,22900,"Jan. 21",170.225,81.95,252.5,22529.775,125.05,22647.5
"A192","A",192,"A192","E20","Sample",1,2022-01-22 03:08:19,2022-01-22 03:36:28,"27",22900,209,23100,"Jan. 21",170.225,81.95,252.5,22729.775,127.05,22847.5
"A195","A",195,"A195","E20","Sample",1,2022-01-22 04:05:04,2022-01-22 04:33:22,"29",23100,203,23300,"Jan. 21",170.225,81.95,252.5,22929.775,121.05,23047.5
"A197","A",197,"A197","E20","Sample",1,2022-01-22 04:33:36,2022-01-22 05:01:46,"30",18800,202,19000,"Jan. 21",170.225,81.95,252.5,18629.775,120.05,18747.5
"A199","A",199,"A199","E20","Sample",1,2022-01-22 05:02:02,2022-01-22 05:30:09,"31",15700,198,15900,"Jan. 21",170.225,81.95,252.5,15529.775,116.05,15647.5
"A202","A",202,"A202","E20","Sample",1,2022-01-22 05:30:23,2022-01-22 05:58:30,"32",27800,204,28000,"Jan. 21",170.225,81.95,252.5,27629.775,122.05,27747.5
"A204","A",204,"A204","E20","Sample",1,2022-01-22 05:58:44,2022-01-22 06:26:54,"33",21700,201,21900,"Jan. 21",170.225,81.95,252.5,21529.775,119.05,21647.5
"A206","A",206,"A206","E20","Sample",1,2022-01-22 06:27:08,2022-01-22 06:55:17,"34",20000,200,20200,"Jan. 21",170.225,81.95,252.5,19829.775,118.05,19947.5
"A209","A",209,"A209","E20","Sample",1,2022-01-22 06:55:30,2022-01-22 07:23:38,"35",31700,208,31900,"Jan. 21",170.225,81.95,252.5,31529.775,126.05,31647.5
"A210","A",210,"A210","E20","Sample",1,2022-01-22 07:23:51,2022-01-22 07:52:03,"36",18400,204,18600,"Jan. 21",170.225,81.95,252.5,18229.775,122.05,18347.5
"A211","A",211,"A211","E20","Sample",1,2022-01-22 07:52:16,2022-01-22 08:20:24,"37",18400,201,18600,"Jan. 21",170.225,81.95,252.5,18229.775,119.05,18347.5
"A212","A",212,"A212","E20","Sample",1,2022-01-22 08:20:38,2022-01-22 08:48:46,"38",26300,207,26500,"Jan. 21",170.225,81.95,252.5,26129.775,125.05,26247.5
"A213","A",213,"A213","E20","Sample",1,2022-01-22 08:48:59,2022-01-22 09:17:09,"39",25300,206,25500,"Jan. 21",170.225,81.95,252.5,25129.775,124.05,25247.5
"A216","A",216,"A216","E20","Sample",1,2022-01-22 09:17:23,2022-01-22 09:45:33,"40",19900,230,20100,"Jan. 21",170.225,81.95,252.5,19729.775,148.05,19847.5
"A218","A",218,"A218","E20","Sample",1,2022-01-22 10:14:11,2022-01-22 10:42:30,"42",25900,201,26100,"Jan. 21",170.225,81.95,252.5,25729.775,119.05,25847.5
"A220","A",220,"A220","E20","Sample",1,2022-01-22 10:42:43,2022-01-22 11:10:53,"43",22200,203,22400,"Jan. 21",170.225,81.95,252.5,22029.775,121.05,22147.5
"A223","A",223,"A223","E20","Sample",1,2022-01-22 11:11:06,2022-01-22 11:39:14,"44",29800,204,30000,"Jan. 21",170.225,81.95,252.5,29629.775,122.05,29747.5
"A225","A",225,"A225","E20","Sample",1,2022-01-22 11:39:28,2022-01-22 12:07:39,"45",23600,207,23800,"Jan. 21",170.225,81.95,252.5,23429.775,125.05,23547.5
"A227","A",227,"A227","E20","Sample",1,2022-01-22 12:07:53,2022-01-22 12:36:02,"46",31000,205,31200,"Jan. 21",170.225,81.95,252.5,30829.775,123.05,30947.5
"A230","A",230,"A230","E20","Sample",1,2022-01-22 12:36:15,2022-01-22 13:04:26,"47",27700,204,27900,"Jan. 21",170.225,81.95,252.5,27529.775,122.05,27647.5
"A232","A",232,"A232","E20","Sample",1,2022-01-22 13:04:39,2022-01-22 13:32:50,"48",30200,203,30400,"Jan. 21",170.225,81.95,252.5,30029.775,121.05,30147.5
"A234","A",234,"A234","E20","Sample",1,2022-01-22 13:33:03,2022-01-22 14:01:14,"49",33800,201,34000,"Jan. 21",170.225,81.95,252.5,33629.775,119.05,33747.5
"A237","A",237,"A237","E20","Sample",1,2022-01-22 14:01:28,2022-01-22 14:29:41,"50",17900,197,18100,"Jan. 21",170.225,81.95,252.5,17729.775,115.05,17847.5
"A239","A",239,"A239","E20","Sample",1,2022-01-22 14:29:58,2022-01-22 14:58:06,"51",27100,202,27300,"Jan. 21",170.225,81.95,252.5,26929.775,120.05,27047.5
"A241","A",241,"A241","E20","Sample",1,2022-01-22 14:58:20,2022-01-22 15:26:30,"52",19900,201,20100,"Jan. 21",170.225,81.95,252.5,19729.775,119.05,19847.5
"B143","B",143,"B143","E20","Sample",1,2022-01-22 15:55:06,2022-01-22 16:23:24,"54",7550,258,7810,"Jan. 21",170.225,81.95,252.5,7379.775,176.05,7557.5
"B146","B",146,"B146","E20","Sample",1,2022-01-22 16:23:38,2022-01-22 16:51:43,"55",8320,210,8530,"Jan. 21",170.225,81.95,252.5,8149.775,128.05,8277.5
"B148","B",148,"B148","E20","Sample",1,2022-01-22 16:51:57,2022-01-22 17:20:03,"56",7290,209,7500,"Jan. 21",170.225,81.95,252.5,7119.775,127.05,7247.5
"B150","B",150,"B150","E20","Sample",1,2022-01-22 17:20:16,2022-01-22 17:48:21,"57",29100,198,29300,"Jan. 21",170.225,81.95,252.5,28929.775,116.05,29047.5
"B153","B",153,"B153","E20","Sample",1,2022-01-22 17:48:34,2022-01-22 18:16:44,"58",9400,216,9620,"Jan. 21",170.225,81.95,252.5,9229.775,134.05,9367.5
"B155","B",155,"B155","E20","Sample",1,2022-01-22 18:16:58,2022-01-22 18:45:04,"59",10100,208,10300,"Jan. 21",170.225,81.95,252.5,9929.775,126.05,10047.5
"B157","B",157,"B157","E20","Sample",1,2022-01-22 18:45:18,2022-01-22 19:13:24,"60",8830,251,9080,"Jan. 21",170.225,81.95,252.5,8659.775,169.05,8827.5
"B160","B",160,"B160","E20","Sample",1,2022-01-22 19:13:40,2022-01-22 19:41:46,"61",8800,218,9020,"Jan. 21",170.225,81.95,252.5,8629.775,136.05,8767.5
"B162","B",162,"B162","E20","Sample",1,2022-01-22 19:42:00,2022-01-22 20:10:05,"62",9070,250,9320,"Jan. 21",170.225,81.95,252.5,8899.775,168.05,9067.5
"B164","B",164,"B164","E20","Sample",1,2022-01-22 20:10:19,2022-01-22 20:38:24,"63",7900,225,8120,"Jan. 21",170.225,81.95,252.5,7729.775,143.05,7867.5
"B167","B",167,"B167","E20","Sample",1,2022-01-22 20:38:38,2022-01-22 21:06:44,"64",9480,216,9700,"Jan. 21",170.225,81.95,252.5,9309.775,134.05,9447.5
"B169","B",169,"B169","E20","Sample",1,2022-01-22 21:06:57,2022-01-22 21:35:03,"65",9050,221,9270,"Jan. 21",170.225,81.95,252.5,8879.775,139.05,9017.5
"B171","B",171,"B171","E20","Sample",1,2022-01-22 22:03:35,2022-01-22 22:31:53,"67",9000,956,9950,"Jan. 21",170.225,81.95,252.5,8829.775,874.05,9697.5
"B174","B",174,"B174","E20","Sample",1,2022-01-22 22:32:07,2022-01-22 23:00:12,"68",10000,478,10500,"Jan. 21",170.225,81.95,252.5,9829.775,396.05,10247.5
"B175","B",175,"B175","E20","Sample",1,2022-01-22 23:00:25,2022-01-22 23:28:31,"69",25400,203,25600,"Jan. 21",170.225,81.95,252.5,25229.775,121.05,25347.5
"B176","B",176,"B176","E20","Sample",1,2022-01-22 23:28:45,2022-01-22 23:56:55,"70",26600,202,26800,"Jan. 21",170.225,81.95,252.5,26429.775,120.05,26547.5
"B177","B",177,"B177","E20","Sample",1,2022-01-22 23:57:11,2022-01-23 00:25:20,"71",14500,197,14700,"Jan. 21",170.225,81.95,252.5,14329.775,115.05,14447.5
"B178","B",178,"B178","E20","Sample",1,2022-01-23 00:25:34,2022-01-23 00:53:41,"72",15800,200,16000,"Jan. 21",170.225,81.95,252.5,15629.775,118.05,15747.5
"B181","B",181,"B181","E20","Sample",1,2022-01-23 00:53:54,2022-01-23 01:22:01,"73",24300,202,24500,"Jan. 21",170.225,81.95,252.5,24129.775,120.05,24247.5
"B183","B",183,"B183","E20","Sample",1,2022-01-23 01:22:15,2022-01-23 01:50:24,"74",22600,235,22800,"Jan. 21",170.225,81.95,252.5,22429.775,153.05,22547.5
"B185","B",185,"B185","E20","Sample",1,2022-01-23 01:50:37,2022-01-23 02:18:45,"75",15000,207,15200,"Jan. 21",170.225,81.95,252.5,14829.775,125.05,14947.5
"B188","B",188,"B188","E20","Sample",1,2022-01-23 02:18:58,2022-01-23 02:47:06,"76",18000,199,18200,"Jan. 21",170.225,81.95,252.5,17829.775,117.05,17947.5
"B190","B",190,"B190","E20","Sample",1,2022-01-23 02:47:19,2022-01-23 03:15:27,"77",14500,200,14700,"Jan. 21",170.225,81.95,252.5,14329.775,118.05,14447.5
"B192","B",192,"B192","E20","Sample",1,2022-01-23 03:15:40,2022-01-23 03:43:47,"78",18700,201,18900,"Jan. 21",170.225,81.95,252.5,18529.775,119.05,18647.5
"B195","B",195,"B195","E20","Sample",1,2022-01-23 03:44:01,2022-01-23 04:12:09,"79",19100,201,19300,"Jan. 21",170.225,81.95,252.5,18929.775,119.05,19047.5
"B197","B",197,"B197","E20","Sample",1,2022-01-23 04:12:23,2022-01-23 04:40:31,"80",12800,227,13000,"Jan. 21",170.225,81.95,252.5,12629.775,145.05,12747.5
"B199","B",199,"B199","E20","Sample",1,2022-01-23 04:40:47,2022-01-23 05:08:53,"81",32400,202,32600,"Jan. 21",170.225,81.95,252.5,32229.775,120.05,32347.5
"B202","B",202,"B202","E20","Sample",1,2022-01-23 05:09:07,2022-01-23 05:37:18,"82",21300,199,21500,"Jan. 21",170.225,81.95,252.5,21129.775,117.05,21247.5
"B204","B",204,"B204","E20","Sample",1,2022-01-23 05:37:32,2022-01-23 06:05:40,"83",21300,199,21500,"Jan. 21",170.225,81.95,252.5,21129.775,117.05,21247.5
"B206","B",206,"B206","E20","Sample",1,2022-01-23 06:05:54,2022-01-23 06:34:03,"84",25300,202,25500,"Jan. 21",170.225,81.95,252.5,25129.775,120.05,25247.5
"B209","B",209,"B209","E20","Sample",1,2022-01-23 06:34:16,2022-01-23 07:02:26,"85",27100,205,27300,"Jan. 21",170.225,81.95,252.5,26929.775,123.05,27047.5
"B210","B",210,"B210","E20","Sample",1,2022-01-23 07:02:39,2022-01-23 07:30:50,"86",24800,203,25000,"Jan. 21",170.225,81.95,252.5,24629.775,121.05,24747.5
"B211","B",211,"B211","E20","Sample",1,2022-01-23 07:31:03,2022-01-23 07:59:13,"87",18500,204,18700,"Jan. 21",170.225,81.95,252.5,18329.775,122.05,18447.5
"B212","B",212,"B212","E20","Sample",1,2022-01-23 07:59:27,2022-01-23 08:27:35,"88",18400,201,18600,"Jan. 21",170.225,81.95,252.5,18229.775,119.05,18347.5
"B213","B",213,"B213","E20","Sample",1,2022-01-23 08:27:48,2022-01-23 08:55:56,"89",16400,199,16600,"Jan. 21",170.225,81.95,252.5,16229.775,117.05,16347.5
"B216","B",216,"B216","E20","Sample",1,2022-01-23 08:56:10,2022-01-23 09:24:17,"90",21600,201,21800,"Jan. 21",170.225,81.95,252.5,21429.775,119.05,21547.5
"B218","B",218,"B218","E20","Sample",1,2022-01-23 09:24:33,2022-01-23 09:52:41,"91",26800,202,27000,"Jan. 21",170.225,81.95,252.5,26629.775,120.05,26747.5
"B220","B",220,"B220","E20","Sample",1,2022-01-23 10:21:18,2022-01-23 10:49:36,"93",24600,200,24800,"Jan. 21",170.225,81.95,252.5,24429.775,118.05,24547.5
"B223","B",223,"B223","E20","Sample",1,2022-01-23 10:49:49,2022-01-23 11:17:58,"94",24200,198,24400,"Jan. 21",170.225,81.95,252.5,24029.775,116.05,24147.5
"B225","B",225,"B225","E20","Sample",1,2022-01-23 11:18:12,2022-01-23 11:46:21,"95",32700,202,32900,"Jan. 21",170.225,81.95,252.5,32529.775,120.05,32647.5
"B227","B",227,"B227","E20","Sample",1,2022-01-23 11:46:34,2022-01-23 12:14:45,"96",15700,201,15900,"Jan. 21",170.225,81.95,252.5,15529.775,119.05,15647.5
"B230","B",230,"B230","E20","Sample",1,2022-01-23 12:14:59,2022-01-23 12:43:06,"97",20700,206,20900,"Jan. 21",170.225,81.95,252.5,20529.775,124.05,20647.5
"B232","B",232,"B232","E20","Sample",1,2022-01-23 12:43:19,2022-01-23 13:11:27,"98",22000,205,22200,"Jan. 21",170.225,81.95,252.5,21829.775,123.05,21947.5
"B233","B",233,"3","B","Sample",2,2022-01-23 15:39:04,2022-01-23 16:07:23,"3",17500,200,17700,"Jan. 23",157.044444444444,95.5666666666667,252.666666666667,17342.9555555556,104.433333333333,17447.3333333333
"B236","B",236,"4","B","Sample",2,2022-01-23 16:07:36,2022-01-23 16:35:44,"4",22800,197,23000,"Jan. 23",157.044444444444,95.5666666666667,252.666666666667,22642.9555555556,101.433333333333,22747.3333333333
"B238","B",238,"5","B","Sample",2,2022-01-23 16:35:58,2022-01-23 17:04:07,"5",24000,233,24200,"Jan. 23",157.044444444444,95.5666666666667,252.666666666667,23842.9555555556,137.433333333333,23947.3333333333
"B240","B",240,"6","B","Sample",2,2022-01-23 17:04:20,2022-01-23 17:32:29,"6",30100,193,30300,"Jan. 23",157.044444444444,95.5666666666667,252.666666666667,29942.9555555556,97.4333333333333,30047.3333333333
"E153","E",153,"8","E","Sample",2,2022-01-23 18:01:07,2022-01-23 18:29:25,"8",33800,201,34000,"Jan. 23",157.044444444444,95.5666666666667,252.666666666667,33642.9555555556,105.433333333333,33747.3333333333
"E155","E",155,"9","E","Sample",2,2022-01-23 18:29:39,2022-01-23 18:57:50,"9",8930,452,9380,"Jan. 23",157.044444444444,95.5666666666667,252.666666666667,8772.95555555556,356.433333333333,9127.33333333333
"E157","E",157,"10","E","Sample",2,2022-01-23 18:58:04,2022-01-23 19:26:10,"10",7260,242,7500,"Jan. 23",157.044444444444,95.5666666666667,252.666666666667,7102.95555555556,146.433333333333,7247.33333333333
"E160","E",160,"11","E","Sample",2,2022-01-23 19:26:26,2022-01-23 19:54:31,"11",7620,661,8280,"Jan. 23",157.044444444444,95.5666666666667,252.666666666667,7462.95555555556,565.433333333333,8027.33333333333
"E162","E",162,"12","E","Sample",2,2022-01-23 19:54:45,2022-01-23 20:22:51,"12",7650,939,8590,"Jan. 23",157.044444444444,95.5666666666667,252.666666666667,7492.95555555556,843.433333333333,8337.33333333333
"E164","E",164,"13","E","Sample",2,2022-01-23 20:23:04,2022-01-23 20:51:09,"13",9280,272,9550,"Jan. 23",157.044444444444,95.5666666666667,252.666666666667,9122.95555555556,176.433333333333,9297.33333333333
"E167","E",167,"14","E","Sample",2,2022-01-23 20:51:23,2022-01-23 21:19:28,"14",8140,221,8360,"Jan. 23",157.044444444444,95.5666666666667,252.666666666667,7982.95555555556,125.433333333333,8107.33333333333
"E169","E",169,"15","E","Sample",2,2022-01-23 21:19:42,2022-01-23 21:47:47,"15",14000,199,14200,"Jan. 23",157.044444444444,95.5666666666667,252.666666666667,13842.9555555556,103.433333333333,13947.3333333333
"E171","E",171,"16","E","Sample",2,2022-01-23 21:48:00,2022-01-23 22:16:06,"16",23500,209,23700,"Jan. 23",157.044444444444,95.5666666666667,252.666666666667,23342.9555555556,113.433333333333,23447.3333333333
"E174","E",174,"17","E","Sample",2,2022-01-23 22:16:20,2022-01-23 22:44:29,"17",29200,227,29400,"Jan. 23",157.044444444444,95.5666666666667,252.666666666667,29042.9555555556,131.433333333333,29147.3333333333
"E175","E",175,"18","E","Sample",2,2022-01-23 22:44:42,2022-01-23 23:12:52,"18",16000,203,16200,"Jan. 23",157.044444444444,95.5666666666667,252.666666666667,15842.9555555556,107.433333333333,15947.3333333333
"E176","E",176,"19","E","Sample",2,2022-01-23 23:13:06,2022-01-23 23:41:14,"19",20600,195,20800,"Jan. 23",157.044444444444,95.5666666666667,252.666666666667,20442.9555555556,99.4333333333333,20547.3333333333
"E177","E",177,"21","E","Sample",2,2022-01-24 00:09:51,2022-01-24 00:38:09,"21",21400,196,21600,"Jan. 23",157.044444444444,95.5666666666667,252.666666666667,21242.9555555556,100.433333333333,21347.3333333333
"E178","E",178,"22","E","Sample",2,2022-01-24 00:38:23,2022-01-24 01:06:31,"22",25300,200,25500,"Jan. 23",157.044444444444,95.5666666666667,252.666666666667,25142.9555555556,104.433333333333,25247.3333333333
"E181","E",181,"23","E","Sample",2,2022-01-24 01:06:45,2022-01-24 01:34:55,"23",22500,200,22700,"Jan. 23",157.044444444444,95.5666666666667,252.666666666667,22342.9555555556,104.433333333333,22447.3333333333
"E183","E",183,"24","E","Sample",2,2022-01-24 01:35:08,2022-01-24 02:03:17,"24",15400,209,15600,"Jan. 23",157.044444444444,95.5666666666667,252.666666666667,15242.9555555556,113.433333333333,15347.3333333333
"E185","E",185,"25","E","Sample",2,2022-01-24 02:03:30,2022-01-24 02:31:37,"25",16800,211,17000,"Jan. 23",157.044444444444,95.5666666666667,252.666666666667,16642.9555555556,115.433333333333,16747.3333333333
"E188","E",188,"26","E","Sample",2,2022-01-24 02:31:51,2022-01-24 02:59:58,"26",21000,196,21200,"Jan. 23",157.044444444444,95.5666666666667,252.666666666667,20842.9555555556,100.433333333333,20947.3333333333
"E190","E",190,"27","E","Sample",2,2022-01-24 03:00:11,2022-01-24 03:28:19,"27",25500,195,25700,"Jan. 23",157.044444444444,95.5666666666667,252.666666666667,25342.9555555556,99.4333333333333,25447.3333333333
"E192","E",192,"28","E","Sample",2,2022-01-24 03:28:33,2022-01-24 03:56:42,"28",26200,204,26400,"Jan. 23",157.044444444444,95.5666666666667,252.666666666667,26042.9555555556,108.433333333333,26147.3333333333
"E195","E",195,"29","E","Sample",2,2022-01-24 03:56:56,2022-01-24 04:25:06,"29",18700,194,18900,"Jan. 23",157.044444444444,95.5666666666667,252.666666666667,18542.9555555556,98.4333333333333,18647.3333333333
"E197","E",197,"30","E","Sample",2,2022-01-24 04:25:20,2022-01-24 04:53:27,"30",24500,194,24700,"Jan. 23",157.044444444444,95.5666666666667,252.666666666667,24342.9555555556,98.4333333333333,24447.3333333333
"E199","E",199,"31","E","Sample",2,2022-01-24 04:53:43,2022-01-24 05:21:55,"31",17200,196,17400,"Jan. 23",157.044444444444,95.5666666666667,252.666666666667,17042.9555555556,100.433333333333,17147.3333333333
"E202","E",202,"32","E","Sample",2,2022-01-24 05:22:10,2022-01-24 05:50:17,"32",22000,197,22200,"Jan. 23",157.044444444444,95.5666666666667,252.666666666667,21842.9555555556,101.433333333333,21947.3333333333
"E204","E",204,"34","E","Sample",2,2022-01-24 06:18:53,2022-01-24 06:47:11,"34",21600,196,21800,"Jan. 23",157.044444444444,95.5666666666667,252.666666666667,21442.9555555556,100.433333333333,21547.3333333333
"E206","E",206,"35","E","Sample",2,2022-01-24 06:47:24,2022-01-24 07:15:32,"35",16300,197,16500,"Jan. 23",157.044444444444,95.5666666666667,252.666666666667,16142.9555555556,101.433333333333,16247.3333333333
"E209","E",209,"36","E","Sample",2,2022-01-24 07:15:46,2022-01-24 07:43:53,"36",19100,195,19300,"Jan. 23",157.044444444444,95.5666666666667,252.666666666667,18942.9555555556,99.4333333333333,19047.3333333333
"E210","E",210,"37","E","Sample",2,2022-01-24 07:44:06,2022-01-24 08:12:14,"37",29700,194,29900,"Jan. 23",157.044444444444,95.5666666666667,252.666666666667,29542.9555555556,98.4333333333333,29647.3333333333
"E211","E",211,"38","E","Sample",2,2022-01-24 08:12:28,2022-01-24 08:40:39,"38",26000,194,26200,"Jan. 23",157.044444444444,95.5666666666667,252.666666666667,25842.9555555556,98.4333333333333,25947.3333333333
"E212","E",212,"39","E","Sample",2,2022-01-24 08:40:52,2022-01-24 09:09:02,"39",27100,195,27300,"Jan. 23",157.044444444444,95.5666666666667,252.666666666667,26942.9555555556,99.4333333333333,27047.3333333333
"E213","E",213,"40","E","Sample",2,2022-01-24 09:09:16,2022-01-24 09:37:26,"40",18300,195,18500,"Jan. 23",157.044444444444,95.5666666666667,252.666666666667,18142.9555555556,99.4333333333333,18247.3333333333
"E216","E",216,"41","E","Sample",2,2022-01-24 09:37:42,2022-01-24 10:05:50,"41",27900,204,28100,"Jan. 23",157.044444444444,95.5666666666667,252.666666666667,27742.9555555556,108.433333333333,27847.3333333333
"E218","E",218,"42","E","Sample",2,2022-01-24 10:06:03,2022-01-24 10:34:17,"42",28200,202,28400,"Jan. 23",157.044444444444,95.5666666666667,252.666666666667,28042.9555555556,106.433333333333,28147.3333333333
"E220","E",220,"43","E","Sample",2,2022-01-24 10:34:31,2022-01-24 11:02:41,"43",14000,223,14200,"Jan. 23",157.044444444444,95.5666666666667,252.666666666667,13842.9555555556,127.433333333333,13947.3333333333
"E222","E",222,"44","E","Sample",2,2022-01-24 11:02:55,2022-01-24 11:31:01,"44",29500,209,29700,"Jan. 23",157.044444444444,95.5666666666667,252.666666666667,29342.9555555556,113.433333333333,29447.3333333333
"E224","E",224,"46","E","Sample",2,2022-01-24 11:59:38,2022-01-24 12:27:57,"46",18200,216,18400,"Jan. 23",157.044444444444,95.5666666666667,252.666666666667,18042.9555555556,120.433333333333,18147.3333333333
"E226","E",226,"47","E","Sample",2,2022-01-24 12:28:10,2022-01-24 12:56:18,"47",26300,208,26500,"Jan. 23",157.044444444444,95.5666666666667,252.666666666667,26142.9555555556,112.433333333333,26247.3333333333
"E229","E",229,"48","E","Sample",2,2022-01-24 12:56:31,2022-01-24 13:24:41,"48",22900,200,23100,"Jan. 23",157.044444444444,95.5666666666667,252.666666666667,22742.9555555556,104.433333333333,22847.3333333333
"E231","E",231,"49","E","Sample",2,2022-01-24 13:24:54,2022-01-24 13:53:03,"49",18300,202,18500,"Jan. 23",157.044444444444,95.5666666666667,252.666666666667,18142.9555555556,106.433333333333,18247.3333333333
"E233","E",233,"50","E","Sample",2,2022-01-24 13:53:18,2022-01-24 14:21:25,"50",27600,200,27800,"Jan. 23",157.044444444444,95.5666666666667,252.666666666667,27442.9555555556,104.433333333333,27547.3333333333
"E236","E",236,"51","E","Sample",2,2022-01-24 14:21:42,2022-01-24 14:49:52,"51",21300,202,21500,"Jan. 23",157.044444444444,95.5666666666667,252.666666666667,21142.9555555556,106.433333333333,21247.3333333333
"E238","E",238,"52","E","Sample",2,2022-01-24 14:50:06,2022-01-24 15:18:15,"52",16600,208,16800,"Jan. 23",157.044444444444,95.5666666666667,252.666666666667,16442.9555555556,112.433333333333,16547.3333333333
"E240","E",240,"53","E","Sample",2,2022-01-24 15:18:28,2022-01-24 15:46:35,"53",19500,201,19700,"Jan. 23",157.044444444444,95.5666666666667,252.666666666667,19342.9555555556,105.433333333333,19447.3333333333
"F153","F",153,"55","F","Sample",2,2022-01-24 16:15:10,2022-01-24 16:43:27,"55",37600,197,37800,"Jan. 23",157.044444444444,95.5666666666667,252.666666666667,37442.9555555556,101.433333333333,37547.3333333333
"F155","F",155,"56","F","Sample",2,2022-01-24 16:43:40,2022-01-24 17:11:53,"56",8570,1900,10500,"Jan. 23",157.044444444444,95.5666666666667,252.666666666667,8412.95555555556,1804.43333333333,10247.3333333333
"F157","F",157,"57","F","Sample",2,2022-01-24 17:12:07,2022-01-24 17:40:12,"57",6720,1210,7930,"Jan. 23",157.044444444444,95.5666666666667,252.666666666667,6562.95555555556,1114.43333333333,7677.33333333333
"F160","F",160,"58","F","Sample",2,2022-01-24 17:40:26,2022-01-24 18:08:30,"58",29600,292,29900,"Jan. 23",157.044444444444,95.5666666666667,252.666666666667,29442.9555555556,196.433333333333,29647.3333333333
"F162","F",162,"59","F","Sample",2,2022-01-24 18:08:44,2022-01-24 18:36:55,"59",11400,226,11600,"Jan. 23",157.044444444444,95.5666666666667,252.666666666667,11242.9555555556,130.433333333333,11347.3333333333
"F164","F",164,"60","F","Sample",2,2022-01-24 18:37:09,2022-01-24 19:05:15,"60",7250,775,8030,"Jan. 23",157.044444444444,95.5666666666667,252.666666666667,7092.95555555556,679.433333333333,7777.33333333333
"F167","F",167,"61","F","Sample",2,2022-01-24 19:05:31,2022-01-24 19:33:35,"61",8580,226,8810,"Jan. 23",157.044444444444,95.5666666666667,252.666666666667,8422.95555555556,130.433333333333,8557.33333333333
"F169","F",169,"62","F","Sample",2,2022-01-24 19:33:50,2022-01-24 20:01:55,"62",8410,213,8620,"Jan. 23",157.044444444444,95.5666666666667,252.666666666667,8252.95555555556,117.433333333333,8367.33333333333
"F171","F",171,"63","F","Sample",2,2022-01-24 20:02:09,2022-01-24 20:30:15,"63",9400,217,9620,"Jan. 23",157.044444444444,95.5666666666667,252.666666666667,9242.95555555556,121.433333333333,9367.33333333333
"F174","F",174,"64","F","Sample",2,2022-01-24 20:30:28,2022-01-24 20:58:34,"64",13200,220,13400,"Jan. 23",157.044444444444,95.5666666666667,252.666666666667,13042.9555555556,124.433333333333,13147.3333333333
"F175","F",175,"65","F","Sample",2,2022-01-24 20:58:47,2022-01-24 21:26:54,"65",7730,227,7960,"Jan. 23",157.044444444444,95.5666666666667,252.666666666667,7572.95555555556,131.433333333333,7707.33333333333
"F176","F",176,"66","F","Sample",2,2022-01-24 21:27:07,2022-01-24 21:55:13,"66",15300,202,15500,"Jan. 23",157.044444444444,95.5666666666667,252.666666666667,15142.9555555556,106.433333333333,15247.3333333333
"F177","F",177,"68","F","Sample",2,2022-01-24 22:23:47,2022-01-24 22:52:05,"68",21600,198,21800,"Jan. 23",157.044444444444,95.5666666666667,252.666666666667,21442.9555555556,102.433333333333,21547.3333333333
"F178","F",178,"69","F","Sample",2,2022-01-24 22:52:18,2022-01-24 23:20:26,"69",24500,201,24700,"Jan. 23",157.044444444444,95.5666666666667,252.666666666667,24342.9555555556,105.433333333333,24447.3333333333
"F181","F",181,"70","F","Sample",2,2022-01-24 23:20:40,2022-01-24 23:48:50,"70",15300,198,15500,"Jan. 23",157.044444444444,95.5666666666667,252.666666666667,15142.9555555556,102.433333333333,15247.3333333333
"F183","F",183,"71","F","Sample",2,2022-01-24 23:49:05,2022-01-25 00:17:12,"71",9970,232,10200,"Jan. 23",157.044444444444,95.5666666666667,252.666666666667,9812.95555555556,136.433333333333,9947.33333333333
"F185","F",185,"72","F","Sample",2,2022-01-25 00:17:27,2022-01-25 00:45:33,"72",13800,202,14000,"Jan. 23",157.044444444444,95.5666666666667,252.666666666667,13642.9555555556,106.433333333333,13747.3333333333
"F188","F",188,"73","F","Sample",2,2022-01-25 00:45:46,2022-01-25 01:13:53,"73",19700,204,19900,"Jan. 23",157.044444444444,95.5666666666667,252.666666666667,19542.9555555556,108.433333333333,19647.3333333333
"F190","F",190,"74","F","Sample",2,2022-01-25 01:14:07,2022-01-25 01:42:14,"74",25500,204,25700,"Jan. 23",157.044444444444,95.5666666666667,252.666666666667,25342.9555555556,108.433333333333,25447.3333333333
"F192","F",192,"75","F","Sample",2,2022-01-25 01:42:28,2022-01-25 02:10:37,"75",17100,200,17300,"Jan. 23",157.044444444444,95.5666666666667,252.666666666667,16942.9555555556,104.433333333333,17047.3333333333
"F195","F",195,"76","F","Sample",2,2022-01-25 02:10:51,2022-01-25 02:38:57,"76",20800,205,21000,"Jan. 23",157.044444444444,95.5666666666667,252.666666666667,20642.9555555556,109.433333333333,20747.3333333333
"F197","F",197,"77","F","Sample",2,2022-01-25 02:39:11,2022-01-25 03:07:19,"77",10800,205,11000,"Jan. 23",157.044444444444,95.5666666666667,252.666666666667,10642.9555555556,109.433333333333,10747.3333333333
"F199","F",199,"78","F","Sample",2,2022-01-25 03:07:32,2022-01-25 03:35:39,"78",27900,197,28100,"Jan. 23",157.044444444444,95.5666666666667,252.666666666667,27742.9555555556,101.433333333333,27847.3333333333
"F202","F",202,"80","F","Sample",2,2022-01-25 04:04:16,2022-01-25 04:32:33,"80",18300,207,18500,"Jan. 23",157.044444444444,95.5666666666667,252.666666666667,18142.9555555556,111.433333333333,18247.3333333333
"F204","F",204,"81","F","Sample",2,2022-01-25 04:32:49,2022-01-25 05:00:57,"81",14700,204,14900,"Jan. 23",157.044444444444,95.5666666666667,252.666666666667,14542.9555555556,108.433333333333,14647.3333333333
"F206","F",206,"82","F","Sample",2,2022-01-25 05:01:11,2022-01-25 05:29:18,"82",15100,199,15300,"Jan. 23",157.044444444444,95.5666666666667,252.666666666667,14942.9555555556,103.433333333333,15047.3333333333
"F209","F",209,"83","F","Sample",2,2022-01-25 05:29:31,2022-01-25 05:57:38,"83",23600,204,23800,"Jan. 23",157.044444444444,95.5666666666667,252.666666666667,23442.9555555556,108.433333333333,23547.3333333333
"F210","F",210,"84","F","Sample",2,2022-01-25 05:57:52,2022-01-25 06:26:00,"84",17600,204,17800,"Jan. 23",157.044444444444,95.5666666666667,252.666666666667,17442.9555555556,108.433333333333,17547.3333333333
"F211","F",211,"85","F","Sample",2,2022-01-25 06:26:14,2022-01-25 06:54:22,"85",14100,208,14300,"Jan. 23",157.044444444444,95.5666666666667,252.666666666667,13942.9555555556,112.433333333333,14047.3333333333
"F212","F",212,"86","F","Sample",2,2022-01-25 06:54:35,2022-01-25 07:22:41,"86",25700,207,25900,"Jan. 23",157.044444444444,95.5666666666667,252.666666666667,25542.9555555556,111.433333333333,25647.3333333333
"F213","F",213,"87","F","Sample",2,2022-01-25 07:22:55,2022-01-25 07:51:05,"87",19700,201,19900,"Jan. 23",157.044444444444,95.5666666666667,252.666666666667,19542.9555555556,105.433333333333,19647.3333333333
"F216","F",216,"88","F","Sample",2,2022-01-25 07:51:18,2022-01-25 08:19:26,"88",29600,202,29800,"Jan. 23",157.044444444444,95.5666666666667,252.666666666667,29442.9555555556,106.433333333333,29547.3333333333
"F218","F",218,"89","F","Sample",2,2022-01-25 08:19:40,2022-01-25 08:47:51,"89",17300,206,17500,"Jan. 23",157.044444444444,95.5666666666667,252.666666666667,17142.9555555556,110.433333333333,17247.3333333333
"F220","F",220,"90","F","Sample",2,2022-01-25 08:48:05,2022-01-25 09:16:12,"90",9500,11700,21200,"Jan. 23",157.044444444444,95.5666666666667,252.666666666667,9342.95555555556,11604.4333333333,20947.3333333333
"F222","F",222,"91","F","Sample",2,2022-01-25 09:16:28,2022-01-25 09:44:34,"91",10100,884,11000,"Jan. 23",157.044444444444,95.5666666666667,252.666666666667,9942.95555555556,788.433333333333,10747.3333333333
"F224","F",224,"93","F","Sample",2,2022-01-25 10:13:08,2022-01-25 10:41:11,"93",20800,249,21000,"Jan. 23",157.044444444444,95.5666666666667,252.666666666667,20642.9555555556,153.433333333333,20747.3333333333
"F226","F",226,"94","F","Sample",2,2022-01-25 10:41:25,2022-01-25 11:09:34,"94",17300,218,17500,"Jan. 23",157.044444444444,95.5666666666667,252.666666666667,17142.9555555556,122.433333333333,17247.3333333333
"F229","F",229,"95","F","Sample",2,2022-01-25 11:09:48,2022-01-25 11:37:55,"95",16000,211,16200,"Jan. 23",157.044444444444,95.5666666666667,252.666666666667,15842.9555555556,115.433333333333,15947.3333333333
"F231","F",231,"96","F","Sample",2,2022-01-25 11:38:09,2022-01-25 12:06:16,"96",16600,219,16800,"Jan. 23",157.044444444444,95.5666666666667,252.666666666667,16442.9555555556,123.433333333333,16547.3333333333
"F233","F",233,"97","F","Sample",2,2022-01-25 12:06:30,2022-01-25 12:34:43,"97",15500,208,15700,"Jan. 23",157.044444444444,95.5666666666667,252.666666666667,15342.9555555556,112.433333333333,15447.3333333333
"F236","F",236,"98","F","Sample",2,2022-01-25 12:34:56,2022-01-25 13:03:03,"98",21100,211,21300,"Jan. 23",157.044444444444,95.5666666666667,252.666666666667,20942.9555555556,115.433333333333,21047.3333333333
"F238","F",238,"99","F","Sample",2,2022-01-25 13:03:17,2022-01-25 13:31:24,"99",15100,209,15300,"Jan. 23",157.044444444444,95.5666666666667,252.666666666667,14942.9555555556,113.433333333333,15047.3333333333
"F240","F",240,"100","F","Sample",2,2022-01-25 13:31:38,2022-01-25 13:59:45,"100",25300,209,25500,"Jan. 23",157.044444444444,95.5666666666667,252.666666666667,25142.9555555556,113.433333333333,25247.3333333333
"C143","C",143,"3","C","Sample",3,2022-01-26 11:42:03,2022-01-26 12:10:21,"3",5250,237,5490,"Jan. 26",22.4,65.8,88.2,5227.6,171.2,5401.8
"C146","C",146,"4","C","Sample",3,2022-01-26 12:10:35,2022-01-26 12:38:40,"4",19900,205,20100,"Jan. 26",22.4,65.8,88.2,19877.6,139.2,20011.8
"C148","C",148,"5","C","Sample",3,2022-01-26 12:38:53,2022-01-26 13:07:01,"5",6400,2540,8940,"Jan. 26",22.4,65.8,88.2,6377.6,2474.2,8851.8
"C150","C",150,"6","C","Sample",3,2022-01-26 13:07:15,2022-01-26 13:35:20,"6",6410,527,6940,"Jan. 26",22.4,65.8,88.2,6387.6,461.2,6851.8
"C153","C",153,"7","C","Sample",3,2022-01-26 13:35:34,2022-01-26 14:03:38,"7",6650,251,6900,"Jan. 26",22.4,65.8,88.2,6627.6,185.2,6811.8
"C155","C",155,"8","C","Sample",3,2022-01-26 14:03:52,2022-01-26 14:31:57,"8",6510,2610,9120,"Jan. 26",22.4,65.8,88.2,6487.6,2544.2,9031.8
"C157","C",157,"9","C","Sample",3,2022-01-26 14:32:10,2022-01-26 15:00:15,"9",6480,650,7130,"Jan. 26",22.4,65.8,88.2,6457.6,584.2,7041.8
"C160","C",160,"10","C","Sample",3,2022-01-26 15:00:29,2022-01-26 15:28:35,"10",6880,763,7640,"Jan. 26",22.4,65.8,88.2,6857.6,697.2,7551.8
"C162","C",162,"11","C","Sample",3,2022-01-26 15:28:51,2022-01-26 15:56:56,"11",6640,270,6910,"Jan. 26",22.4,65.8,88.2,6617.6,204.2,6821.8
"C164","C",164,"12","C","Sample",3,2022-01-26 15:57:10,2022-01-26 16:25:16,"12",6830,229,7060,"Jan. 26",22.4,65.8,88.2,6807.6,163.2,6971.8
"C167","C",167,"13",NA,"Sample",4,2022-02-03 17:16:48,2022-02-03 17:45:06,"3",7550,577,8130,"Feb. 3",306.857142857143,486.142857142857,793,7243.14285714286,90.8571428571428,7337
"C169","C",169,"14",NA,"Sample",4,2022-02-03 17:45:19,2022-02-03 18:13:25,"4",7400,547,7950,"Feb. 3",306.857142857143,486.142857142857,793,7093.14285714286,60.8571428571428,7157
"C171","C",171,"16",NA,"Sample",4,2022-02-03 18:13:39,2022-02-03 18:41:44,"5",28200,489,28700,"Feb. 3",306.857142857143,486.142857142857,793,27893.1428571429,2.85714285714283,27907
"C174","C",174,"17",NA,"Sample",4,2022-02-03 18:41:58,2022-02-03 19:10:08,"6",15800,524,16300,"Feb. 3",306.857142857143,486.142857142857,793,15493.1428571429,37.8571428571428,15507
"C175","C",175,"18",NA,"Sample",4,2022-02-03 19:10:21,2022-02-03 19:38:28,"7",38100,605,38700,"Feb. 3",306.857142857143,486.142857142857,793,37793.1428571429,118.857142857143,37907
"C176","C",176,"19",NA,"Sample",4,2022-02-03 19:38:42,2022-02-03 20:06:54,"8",26900,554,27500,"Feb. 3",306.857142857143,486.142857142857,793,26593.1428571429,67.8571428571428,26707
"C177","C",177,"20",NA,"Sample",4,2022-02-03 20:07:08,2022-02-03 20:35:17,"9",22800,518,23300,"Feb. 3",306.857142857143,486.142857142857,793,22493.1428571429,31.8571428571428,22507
"C178","C",178,"21",NA,"Sample",4,2022-02-03 20:35:33,2022-02-03 21:03:42,"10",28300,563,28900,"Feb. 3",306.857142857143,486.142857142857,793,27993.1428571429,76.8571428571428,28107
"C181","C",181,"22",NA,"Sample",4,2022-02-03 21:03:56,2022-02-03 21:32:05,"11",25900,586,26500,"Feb. 3",306.857142857143,486.142857142857,793,25593.1428571429,99.8571428571428,25707
"C183","C",183,"23",NA,"Sample",4,2022-02-03 21:32:19,2022-02-03 22:00:28,"12",14500,511,15000,"Feb. 3",306.857142857143,486.142857142857,793,14193.1428571429,24.8571428571428,14207
"C185","C",185,"24",NA,"Sample",4,2022-02-03 22:00:41,2022-02-03 22:28:47,"13",20600,552,21100,"Feb. 3",306.857142857143,486.142857142857,793,20293.1428571429,65.8571428571428,20307
"C188","C",188,"25",NA,"Sample",4,2022-02-03 22:29:01,2022-02-03 22:57:09,"14",19400,545,20000,"Feb. 3",306.857142857143,486.142857142857,793,19093.1428571429,58.8571428571428,19207
"C190","C",190,"26",NA,"Sample",4,2022-02-03 22:57:22,2022-02-03 23:25:29,"15",32400,456,32900,"Feb. 3",306.857142857143,486.142857142857,793,32093.1428571429,-30.1428571428572,32107
"C192","C",192,"27",NA,"Sample",4,2022-02-03 23:25:43,2022-02-03 23:53:53,"16",24700,524,25200,"Feb. 3",306.857142857143,486.142857142857,793,24393.1428571429,37.8571428571428,24407
"C195","C",195,"29",NA,"Sample",4,2022-02-04 00:22:29,2022-02-04 00:50:47,"18",23000,480,23500,"Feb. 3",306.857142857143,486.142857142857,793,22693.1428571429,-6.14285714285717,22707
"C197","C",197,"30",NA,"Sample",4,2022-02-04 00:51:01,2022-02-04 01:19:10,"19",22700,520,23200,"Feb. 3",306.857142857143,486.142857142857,793,22393.1428571429,33.8571428571428,22407
"C199","C",199,"31",NA,"Sample",4,2022-02-04 01:19:26,2022-02-04 01:47:34,"20",29000,558,29600,"Feb. 3",306.857142857143,486.142857142857,793,28693.1428571429,71.8571428571428,28807
"C202","C",202,"32",NA,"Sample",4,2022-02-04 01:47:48,2022-02-04 02:15:58,"21",20800,485,21300,"Feb. 3",306.857142857143,486.142857142857,793,20493.1428571429,-1.14285714285717,20507
"C204","C",204,"33",NA,"Sample",4,2022-02-04 02:16:12,2022-02-04 02:44:20,"22",15800,483,16300,"Feb. 3",306.857142857143,486.142857142857,793,15493.1428571429,-3.14285714285717,15507
"C206","C",206,"34",NA,"Sample",4,2022-02-04 02:44:33,2022-02-04 03:12:40,"23",21300,518,21800,"Feb. 3",306.857142857143,486.142857142857,793,20993.1428571429,31.8571428571428,21007
"C209","C",209,"35",NA,"Sample",4,2022-02-04 03:12:53,2022-02-04 03:41:02,"24",31500,483,32000,"Feb. 3",306.857142857143,486.142857142857,793,31193.1428571429,-3.14285714285717,31207
"C210","C",210,"36",NA,"Sample",4,2022-02-04 03:41:15,2022-02-04 04:09:26,"25",29100,523,29600,"Feb. 3",306.857142857143,486.142857142857,793,28793.1428571429,36.8571428571428,28807
"C211","C",211,"37",NA,"Sample",4,2022-02-04 04:09:39,2022-02-04 04:37:49,"26",18800,468,19300,"Feb. 3",306.857142857143,486.142857142857,793,18493.1428571429,-18.1428571428572,18507
"C212","C",212,"38",NA,"Sample",4,2022-02-04 04:38:03,2022-02-04 05:06:10,"27",25200,503,25700,"Feb. 3",306.857142857143,486.142857142857,793,24893.1428571429,16.8571428571428,24907
"C213","C",213,"39",NA,"Sample",4,2022-02-04 05:06:23,2022-02-04 05:34:32,"28",25100,494,25600,"Feb. 3",306.857142857143,486.142857142857,793,24793.1428571429,7.85714285714283,24807
"C216","C",216,"40",NA,"Sample",4,2022-02-04 05:34:46,2022-02-04 06:02:55,"29",19400,483,19900,"Feb. 3",306.857142857143,486.142857142857,793,19093.1428571429,-3.14285714285717,19107
"C218","C",218,"42",NA,"Sample",4,2022-02-04 06:31:32,2022-02-04 06:59:50,"31",15100,605,15700,"Feb. 3",306.857142857143,486.142857142857,793,14793.1428571429,118.857142857143,14907
"C220","C",220,"43",NA,"Sample",4,2022-02-04 07:00:03,2022-02-04 07:28:09,"32",23400,632,24000,"Feb. 3",306.857142857143,486.142857142857,793,23093.1428571429,145.857142857143,23207
"C222","C",222,"44",NA,"Sample",4,2022-02-04 07:28:23,2022-02-04 07:56:31,"33",26100,563,26600,"Feb. 3",306.857142857143,486.142857142857,793,25793.1428571429,76.8571428571428,25807
"C224","C",224,"45",NA,"Sample",4,2022-02-04 07:56:44,2022-02-04 08:24:53,"34",28100,615,28700,"Feb. 3",306.857142857143,486.142857142857,793,27793.1428571429,128.857142857143,27907
"C226","C",226,"46",NA,"Sample",4,2022-02-04 08:25:06,2022-02-04 08:53:16,"35",22900,602,23500,"Feb. 3",306.857142857143,486.142857142857,793,22593.1428571429,115.857142857143,22707
"C229","C",229,"47",NA,"Sample",4,2022-02-04 08:53:29,2022-02-04 09:21:37,"36",27100,615,27700,"Feb. 3",306.857142857143,486.142857142857,793,26793.1428571429,128.857142857143,26907
"C231","C",231,"48",NA,"Sample",4,2022-02-04 09:21:51,2022-02-04 09:50:00,"37",17400,604,18000,"Feb. 3",306.857142857143,486.142857142857,793,17093.1428571429,117.857142857143,17207
"C233","C",233,"49",NA,"Sample",4,2022-02-04 09:50:13,2022-02-04 10:18:20,"38",23000,608,23600,"Feb. 3",306.857142857143,486.142857142857,793,22693.1428571429,121.857142857143,22807
"C236","C",236,"50",NA,"Sample",4,2022-02-04 10:18:34,2022-02-04 10:46:43,"39",29000,574,29600,"Feb. 3",306.857142857143,486.142857142857,793,28693.1428571429,87.8571428571428,28807
"C238","C",238,"51",NA,"Sample",4,2022-02-04 10:47:00,2022-02-04 11:15:10,"40",16300,578,16900,"Feb. 3",306.857142857143,486.142857142857,793,15993.1428571429,91.8571428571428,16107
"C240","C",240,"52",NA,"Sample",4,2022-02-04 11:15:24,2022-02-04 11:43:30,"41",16700,557,17300,"Feb. 3",306.857142857143,486.142857142857,793,16393.1428571429,70.8571428571428,16507
"D153","D",153,"54",NA,"Sample",4,2022-02-04 12:12:05,2022-02-04 12:40:22,"43",6090,2780,8880,"Feb. 3",306.857142857143,486.142857142857,793,5783.14285714286,2293.85714285714,8087
"D155","D",155,"55",NA,"Sample",4,2022-02-04 12:40:35,2022-02-04 13:08:40,"44",6600,617,7210,"Feb. 3",306.857142857143,486.142857142857,793,6293.14285714286,130.857142857143,6417
"D157","D",157,"56",NA,"Sample",4,2022-02-04 13:08:53,2022-02-04 13:36:57,"45",7280,577,7850,"Feb. 3",306.857142857143,486.142857142857,793,6973.14285714286,90.8571428571428,7057
"D160","D",160,"57",NA,"Sample",4,2022-02-04 13:37:11,2022-02-04 14:05:16,"46",16300,574,16900,"Feb. 3",306.857142857143,486.142857142857,793,15993.1428571429,87.8571428571428,16107
"D162","D",162,"58",NA,"Sample",4,2022-02-04 14:05:29,2022-02-04 14:33:36,"47",46200,480,46700,"Feb. 3",306.857142857143,486.142857142857,793,45893.1428571429,-6.14285714285717,45907
"D164","D",164,"59",NA,"Sample",4,2022-02-04 14:33:50,2022-02-04 15:02:05,"48",8690,482,9170,"Feb. 3",306.857142857143,486.142857142857,793,8383.14285714286,-4.14285714285717,8377
"D167","D",167,"60",NA,"Sample",4,2022-02-04 15:02:19,2022-02-04 15:30:24,"49",8880,588,9470,"Feb. 3",306.857142857143,486.142857142857,793,8573.14285714286,101.857142857143,8677
"D169","D",169,"61",NA,"Sample",4,2022-02-04 15:30:40,2022-02-04 15:58:46,"50",7430,543,7970,"Feb. 3",306.857142857143,486.142857142857,793,7123.14285714286,56.8571428571428,7177
"D171","D",171,"62",NA,"Sample",4,2022-02-04 15:58:59,2022-02-04 16:27:05,"51",7760,483,8240,"Feb. 3",306.857142857143,486.142857142857,793,7453.14285714286,-3.14285714285717,7447
"D174","D",174,"63",NA,"Sample",4,2022-02-04 16:27:18,2022-02-04 16:55:23,"52",7490,506,8000,"Feb. 3",306.857142857143,486.142857142857,793,7183.14285714286,19.8571428571428,7207
"D175","D",175,"64",NA,"Sample",4,2022-02-04 16:55:37,2022-02-04 17:23:42,"53",17000,411,17400,"Feb. 3",306.857142857143,486.142857142857,793,16693.1428571429,-75.1428571428572,16607
"D176","D",176,"65",NA,"Sample",4,2022-02-04 17:23:55,2022-02-04 17:52:02,"54",22800,425,23200,"Feb. 3",306.857142857143,486.142857142857,793,22493.1428571429,-61.1428571428572,22407
"D177","D",177,"67",NA,"Sample",4,2022-02-04 18:20:37,2022-02-04 18:48:55,"56",25900,463,26400,"Feb. 3",306.857142857143,486.142857142857,793,25593.1428571429,-23.1428571428572,25607
"D178","D",178,"68",NA,"Sample",4,2022-02-04 18:49:09,2022-02-04 19:17:17,"57",20700,494,21200,"Feb. 3",306.857142857143,486.142857142857,793,20393.1428571429,7.85714285714283,20407
"D181","D",181,"69",NA,"Sample",4,2022-02-04 19:17:31,2022-02-04 19:45:39,"58",29400,484,29900,"Feb. 3",306.857142857143,486.142857142857,793,29093.1428571429,-2.14285714285717,29107
"D183","D",183,"70",NA,"Sample",4,2022-02-04 19:45:53,2022-02-04 20:14:01,"59",26900,456,27400,"Feb. 3",306.857142857143,486.142857142857,793,26593.1428571429,-30.1428571428572,26607
"D185","D",185,"71",NA,"Sample",4,2022-02-04 20:14:17,2022-02-04 20:42:27,"60",20100,513,20600,"Feb. 3",306.857142857143,486.142857142857,793,19793.1428571429,26.8571428571428,19807
"D188","D",188,"72",NA,"Sample",4,2022-02-04 20:42:41,2022-02-04 21:10:49,"61",23500,452,23900,"Feb. 3",306.857142857143,486.142857142857,793,23193.1428571429,-34.1428571428572,23107
"D190","D",190,"73",NA,"Sample",4,2022-02-04 21:11:02,2022-02-04 21:39:11,"62",27000,474,27500,"Feb. 3",306.857142857143,486.142857142857,793,26693.1428571429,-12.1428571428572,26707
"D192","D",192,"74",NA,"Sample",4,2022-02-04 21:39:24,2022-02-04 22:07:34,"63",21700,501,22200,"Feb. 3",306.857142857143,486.142857142857,793,21393.1428571429,14.8571428571428,21407
"D195","D",195,"75",NA,"Sample",4,2022-02-04 22:07:47,2022-02-04 22:35:55,"64",23700,501,24200,"Feb. 3",306.857142857143,486.142857142857,793,23393.1428571429,14.8571428571428,23407
"D197","D",197,"76",NA,"Sample",4,2022-02-04 22:36:08,2022-02-04 23:04:17,"65",16400,495,16900,"Feb. 3",306.857142857143,486.142857142857,793,16093.1428571429,8.85714285714283,16107
"D199","D",199,"77",NA,"Sample",4,2022-02-04 23:04:30,2022-02-04 23:32:37,"66",19700,495,20200,"Feb. 3",306.857142857143,486.142857142857,793,19393.1428571429,8.85714285714283,19407
"D202","D",202,"78",NA,"Sample",4,2022-02-04 23:32:51,2022-02-05 00:00:58,"67",17800,496,18300,"Feb. 3",306.857142857143,486.142857142857,793,17493.1428571429,9.85714285714283,17507
"D204","D",204,"80",NA,"Sample",4,2022-02-05 00:29:32,2022-02-05 00:57:50,"69",19700,482,20200,"Feb. 3",306.857142857143,486.142857142857,793,19393.1428571429,-4.14285714285717,19407
"D206","D",206,"81",NA,"Sample",4,2022-02-05 00:58:06,2022-02-05 01:26:14,"70",14800,548,15400,"Feb. 3",306.857142857143,486.142857142857,793,14493.1428571429,61.8571428571428,14607
"D209","D",209,"82",NA,"Sample",4,2022-02-05 01:26:28,2022-02-05 01:54:35,"71",25400,540,25900,"Feb. 3",306.857142857143,486.142857142857,793,25093.1428571429,53.8571428571428,25107
"D210","D",210,"83",NA,"Sample",4,2022-02-05 01:54:49,2022-02-05 02:22:58,"72",18800,549,19300,"Feb. 3",306.857142857143,486.142857142857,793,18493.1428571429,62.8571428571428,18507
"D211","D",211,"84",NA,"Sample",4,2022-02-05 02:23:11,2022-02-05 02:51:18,"73",22500,525,23000,"Feb. 3",306.857142857143,486.142857142857,793,22193.1428571429,38.8571428571428,22207
"D212","D",212,"85",NA,"Sample",4,2022-02-05 02:51:32,2022-02-05 03:19:39,"74",20200,524,20700,"Feb. 3",306.857142857143,486.142857142857,793,19893.1428571429,37.8571428571428,19907
"D213","D",213,"86",NA,"Sample",4,2022-02-05 03:19:53,2022-02-05 03:48:00,"75",16700,525,17200,"Feb. 3",306.857142857143,486.142857142857,793,16393.1428571429,38.8571428571428,16407
"D216","D",216,"87",NA,"Sample",4,2022-02-05 03:48:13,2022-02-05 04:16:20,"76",25300,509,25800,"Feb. 3",306.857142857143,486.142857142857,793,24993.1428571429,22.8571428571428,25007
"D218","D",218,"88",NA,"Sample",4,2022-02-05 04:16:34,2022-02-05 04:44:42,"77",41900,549,42500,"Feb. 3",306.857142857143,486.142857142857,793,41593.1428571429,62.8571428571428,41707
"D220","D",220,"89",NA,"Sample",4,2022-02-05 04:44:56,2022-02-05 05:13:10,"78",16700,456,17200,"Feb. 3",306.857142857143,486.142857142857,793,16393.1428571429,-30.1428571428572,16407
"D222","D",222,"90",NA,"Sample",4,2022-02-05 05:13:23,2022-02-05 05:41:30,"79",28000,506,28500,"Feb. 3",306.857142857143,486.142857142857,793,27693.1428571429,19.8571428571428,27707
"D224","D",224,"91",NA,"Sample",4,2022-02-05 05:41:46,2022-02-05 06:09:55,"80",30100,535,30600,"Feb. 3",306.857142857143,486.142857142857,793,29793.1428571429,48.8571428571428,29807
"D226","D",226,"93",NA,"Sample",4,2022-02-05 06:38:34,2022-02-05 07:06:52,"82",28100,607,28700,"Feb. 3",306.857142857143,486.142857142857,793,27793.1428571429,120.857142857143,27907
"D229","D",229,"94",NA,"Sample",4,2022-02-05 07:07:06,2022-02-05 07:35:15,"83",36900,549,37400,"Feb. 3",306.857142857143,486.142857142857,793,36593.1428571429,62.8571428571428,36607
"D231","D",231,"95",NA,"Sample",4,2022-02-05 07:35:28,2022-02-05 08:03:39,"84",18400,536,18900,"Feb. 3",306.857142857143,486.142857142857,793,18093.1428571429,49.8571428571428,18107
"D233","D",233,"96",NA,"Sample",4,2022-02-05 08:03:53,2022-02-05 08:32:00,"85",27700,533,28200,"Feb. 3",306.857142857143,486.142857142857,793,27393.1428571429,46.8571428571428,27407
"D236","D",236,"97",NA,"Sample",4,2022-02-05 08:32:13,2022-02-05 09:00:22,"86",23700,551,24300,"Feb. 3",306.857142857143,486.142857142857,793,23393.1428571429,64.8571428571428,23507
"D238","D",238,"98",NA,"Sample",4,2022-02-05 09:00:36,2022-02-05 09:28:44,"87",19500,539,20000,"Feb. 3",306.857142857143,486.142857142857,793,19193.1428571429,52.8571428571428,19207
"D240","D",240,"99",NA,"Sample",4,2022-02-05 09:28:57,2022-02-05 09:57:05,"88",25300,535,25800,"Feb. 3",306.857142857143,486.142857142857,793,24993.1428571429,48.8571428571428,25007
